INSTRUMENT_ID,INSTRUMENT_TYPE,TRADE_CODE,
5771,Ordinary share,CBOM,
5163,Bond,RU000A0JU898,
5896,Bond,RU000A0JUQQ5,
5897,Bond,RU000A0JUQR3,
5898,Bond,,
5899,Bond,,
5900,Bond,,
5901,Bond,,
10558,Subfederal bond,RU000A0ZYCD1,
10694,Municipal bond,RU000A0ZYJ00,
9589,Municipal bond,RU000A0JWWQ9,
3762,Ordinary share,ALRS,
4492,Bond,,
4493,Bond,,
4494,Bond,,
4495,Bond,,
10824,Bond,RU000A0ZYR18,
3999,Corporate bond,RU000A0JRJC6,
4475,Corporate bond,RU000A0JT593,
10560,Bond,RU000A0ZYCJ8,
10819,Bond,RU000A0ZYQX9,
2537,Corporate bond,RU000A0JQAL8,
2538,Corporate bond,RU000A0JQAM6,
2931,Corporate bond,RU000A0JQXG0,
2929,Corporate bond,RU000A0JR5F7,
3399,Corporate bond,RU000A0JRDY3,
2930,Corporate bond,RU000A0JR6S8,
4138,Corporate bond,RU000A0JS488,
4622,Corporate bond,RU000A0JTDX1,
5000,Corporate bond,RU000A0JTW83,
6101,Corporate bond,RU000A0JV4R9,
10945,Bond,RU000A0ZZ1N0,
11047,Bond,RU000A0ZZ7C0,
3516,Corporate bond,RU000A0JRJB8,
3517,Corporate bond,RU000A0JRJL7,
4140,Corporate bond,RU000A0JS4J1,
4141,Corporate bond,RU000A0JS4K9,
4142,Corporate bond,RU000A0JS4L7,
10601,Bond,RU000A0ZYDA5,
9495,Bond,,
9496,Bond,,
9499,Bond,RU000A0JWVL2,
9500,Bond,RU000A0ZZBV2,
10841,Bond,RU000A0ZYTZ8,
2670,Corporate bond,RU000A0JQK64,
2671,Corporate bond,RU000A0JQK72,
3558,Corporate bond,RU000A0JRLE8,
3735,Corporate bond,RU000A0JRVN8,
4197,Corporate bond,RU000A0JS6N8,
4199,Corporate bond,RU000A0JT874,
4994,Corporate bond,RU000A0JTVJ2,
5309,Corporate bond,RU000A0JU1Q8,
5310,Corporate bond,RU000A0JUAD7,
11279,Share Exchange Funds,SBMX,
9934,Bond,RU000A0JXQ85,
3104,Bond,RU000A0JWM31,
5531,Corporate bond,RU000A0JU9K4,
6229,Corporate bond,RU000A0JV0T3,
9272,Bond,RU000A0JWJF9,
10490,Bond,RU000A0ZZ2W9,
3184,Unit closed UIF,RU000A0JR3X5,
9420,Bond,RU000A0JWLG3,
10531,Bond,RU000A0ZYA66,
99,Ordinary share,VTBR,
10695,Bond,RU000A0ZYKF9,
10696,Bond,RU000A0ZYKG7,
11013,Bond,,
11259,Bond,RU000A0ZZH84,
11315,Bond,,
11383,Bond,,
11487,Bond,,
5325,Bond,RU000A0JUQE1,
9858,Bond,,
9859,Bond,,
9860,Bond,,
9861,Bond,,
5329,Bond,RU000A0JV3Q3,
9862,Bond,,
9876,Bond,,
9877,Bond,,
9878,Bond,,
9879,Bond,,
9880,Bond,,
9663,Bond,,
9881,Bond,,
9664,Bond,,
9882,Bond,,
9665,Bond,,
9883,Bond,,
9666,Bond,,
9884,Bond,,
9667,Bond,,
9885,Bond,,
9668,Bond,,
9669,Bond,,
5342,Bond,RU000A0JU773,
9670,Bond,,
9671,Bond,,
9672,Bond,,
11368,Bond,RU000A0ZZUY6,
11369,Bond,RU000A0ZZV78,
11370,Bond,RU000A0ZZVB2,
11371,Bond,RU000A0ZZVC0,
11372,Bond,RU000A0ZZVN7,
11373,Bond,,
11374,Bond,,
11375,Bond,,
11376,Bond,,
11377,Bond,,
11378,Bond,,
11379,Bond,,
11380,Bond,,
11381,Bond,,
11382,Bond,,
11007,Shares of a foreign exchange-traded investment fund,RUSB,
11006,Shares of a foreign exchange-traded investment fund,RUSE,
10541,Subfederal bond,RU000A0ZYB40,
3166,Corporate bond,RU000A0JR3H8,
3167,Corporate bond,RU000A0JR3G0,
3392,Corporate bond,RU000A0JRCX7,
3701,Corporate bond,RU000A0JRTN2,
4479,Corporate bond,RU000A0JT403,
4489,Corporate bond,RU000A0JT6B2,
4154,Corporate bond,RU000A0JS4Z7,
5571,Corporate bond,RU000A0JUBA1,
9303,Bond,RU000A0JW6P7,
9373,Bond,RU000A0JWG96,
9488,Bond,RU000A0JWNE4,
5100,Bond,RU000A0JUD83,
9502,Bond,RU000A0JWNJ3,
5101,Bond,RU000A0JVQA7,
9783,Bond,RU000A0JX4Q9,
9994,Bond,RU000A0JXRP9,
10364,Bond,RU000A0JXU48,
10397,Bond,RU000A0JXU71,
10728,Bond,RU000A0ZYLH3,
11282,Bond,,
11283,Bond,,
11284,Bond,,
11285,Bond,,
11286,Bond,,
11287,Bond,,
11404,Bond,RU000A0ZZSM5,
10730,Bond,RU000A0ZYLJ9,
11401,Bond,RU000A0ZZSQ6,
11400,Bond,RU000A0ZZSR4,
11399,Bond,RU000A0ZZST0,
11398,Bond,RU000A0ZZSS2,
11397,Bond,RU000A0ZZSU8,
11441,Bond,,
11481,Bond,,
11482,Bond,,
11483,Bond,,
11484,Bond,,
11485,Bond,,
11486,Bond,,
11048,Bond,,
5617,Subfederal bond,RU000A0JUCZ6,
9197,Subfederal bond,RU000A0JW1K9,
10742,Subfederal bond,RU000A0ZYMJ7,
10603,Subfederal bond,RU000A0ZYD55,
10740,Subfederal bond,RU000A0ZYM47,
5976,Subfederal bond,RU000A0JUQF8,
9392,Subfederal bond,RU000A0JWHN7,
10048,Subfederal bond,RU000A0JXS83,
11256,Subfederal bond,RU000A0ZZEM5,
11457,Bond,RU000A0ZZRR6,
4063,Bonds of a foreign issuer,RU000A0JR050,
4139,Bonds of a foreign issuer,RU000A0JR043,
5299,Bonds of a foreign issuer,RU000A0JS8X3,
5416,Bonds of a foreign issuer,RU000A0JS8Y1,
5417,Bonds of a foreign issuer,RU000A0JS8Z8,
5431,Bonds of a foreign issuer,RU000A0JS900,
5876,Bonds of a foreign issuer,RU000A0JS918,
9249,Bonds of a foreign issuer,RU000A0JS926,
10685,Bonds of a foreign issuer,RU000A0JS934,
11192,Bond,RU000A0ZZDB0,
5931,Corporate bond,RU000A0JUNU4,
4305,Corporate bond,RU000A0JS9X1,
6111,Bond,RU000A0JWC74,
6112,Bond,,
6113,Bond,,
6114,Bond,,
6115,Bond,RU000A0JVFJ1,
6116,Bond,,
9358,Bond,,
9357,Bond,,
9356,Bond,,
9355,Bond,,
9354,Bond,,
9353,Bond,,
10815,Depositary receipts of a foreign issuer for shares,FIVE,
5081,Depositary receipts of a foreign issuer for shares,QIWI,
8572,Subfederal bond,RU000A0JV2J0,
10703,Subfederal bond,RU000A0ZYHX8,
10715,Subfederal bond,RU000A0ZYKJ1,
5923,Shares of a foreign issuer,YNDX,
5763,Depositary receipts of a foreign issuer for shares,LNTA,
8920,Subfederal bond,RU000A0JVK00,
5347,Subfederal bond,RU000A0JU2H5,
5992,Subfederal bond,RU000A0JUQP7,
9440,Subfederal bond,RU000A0JWM56,
10052,Subfederal bond,RU000A0JXT41,
11105,Subfederal bond,RU000A0ZZ9P8,
11458,Subfederal bond,RU000A0ZZSW4,
9156,Subfederal bond,RU000A0JVZE0,
10485,Subfederal bond,RU000A0JXYS9,
11075,Subfederal bond,RU000A0ZZ8X4,
8993,Subfederal bond,RU000A0JVS10,
9067,Subfederal bond,RU000A0JVWM0,
9616,Subfederal bond,RU000A0JWXF0,
10564,Subfederal bond,RU000A0ZYCM2,
10621,Subfederal bond,RU000A0ZYFB8,
11150,Subfederal bond,RU000A0ZZC48,
11328,Subfederal bond,RU000A0ZZM87,
5359,Subfederal bond,RU000A0JU3B6,
8976,Subfederal bond,RU000A0JVPR3,
10607,Subfederal bond,RU000A0ZYDQ1,
9422,Subfederal bond,RU000A0JWLD0,
11477,Subfederal bond,RU000A0ZZUT6,
6164,Subfederal bond,RU000A0JUX89,
9612,Subfederal bond,RU000A0JWX87,
5950,Subfederal bond,RU000A0JUPE3,
8941,Subfederal bond,RU000A0JVM81,
10716,Subfederal bond,RU000A0ZYKH5,
5927,Subfederal bond,RU000A0JUN81,
8929,Subfederal bond,RU000A0JVKF9,
9683,Subfederal bond,RU000A0JWZM1,
10401,Subfederal bond,RU000A0JXUD9,
10498,Subfederal bond,RU000A0JY031,
5977,Subfederal bond,RU000A0JUQH4,
8883,Subfederal bond,RU000A0JVEH8,
9386,Subfederal bond,RU000A0JWGT6,
9976,Subfederal bond,RU000A0JXR43,
11061,Subfederal bond,RU000A0ZZ7E6,
11384,Subfederal bond,RU000A0ZZNJ2,
4104,Eurobonds,XS0504954347,
4229,Eurobonds,XS0767472458,
4230,Eurobonds,XS0767473852,
5178,Eurobonds,XS0971721377,
5403,Eurobonds,XS0971721450,
5397,Eurobonds,XS0971721963,
9402,Eurobonds,RU000A0JWHA4,
10426,Eurobonds,RU000A0JXTS9,
10425,Eurobonds,RU000A0JXU14,
10929,Eurobonds,RU000A0ZYYN4,
5402,Eurobonds,XS0971722342,
9699,Federal loan bond,SU24019RMFS0,
10597,Federal loan bond,SU25083RMFS5,
4087,Federal loan bond,SU26205RMFS3,
4134,Federal loan bond,SU26207RMFS9,
4143,Federal loan bond,SU26208RMFS7,
4389,Federal loan bond,SU26209RMFS5,
4654,Federal loan bond,SU26210RMFS3,
4791,Federal loan bond,SU26211RMFS1,
4793,Federal loan bond,SU26212RMFS9,
5179,Federal loan bond,SU26214RMFS5,
5374,Federal loan bond,SU26215RMFS2,
5547,Federal loan bond,SU26216RMFS0,
9070,Federal loan bond,SU26217RMFS8,
8657,Federal loan bond,SU26218RMFS6,
9438,Federal loan bond,SU26219RMFS4,
9805,Federal loan bond,SU26220RMFS2,
9817,Federal loan bond,SU26221RMFS0,
9950,Federal loan bond,SU26222RMFS8,
10848,Federal loan bond,SU26223RMFS6,
10853,Federal loan bond,SU26224RMFS4,
10855,Federal loan bond,SU26225RMFS1,
8651,Federal loan bond,SU29006RMFS2,
8652,Federal loan bond,SU29007RMFS0,
8648,Federal loan bond,SU29008RMFS8,
8649,Federal loan bond,SU29009RMFS6,
8650,Federal loan bond,SU29010RMFS4,
8655,Federal loan bond,SU29011RMFS2,
9700,Federal loan bond,SU29012RMFS0,
4090,Federal loan bond,SU46005RMFS3,
4092,Federal loan bond,SU46011RMFS1,
4093,Federal loan bond,SU46012RMFS9,
4096,Federal loan bond,SU46018RMFS6,
4097,Federal loan bond,SU46019RMFS4,
4098,Federal loan bond,SU46020RMFS2,
4100,Federal loan bond,SU46022RMFS8,
4101,Federal loan bond,SU46023RMFS6,
8942,Federal loan bond,SU52001RMFS3,
10919,Federal loan bond,SU52002RMFS1,
9937,Federal loan bond,SU53001RMFS2,
10534,Federal loan bond,SU53002RMFS0,
10912,Federal loan bond,SU53003RMFS8,
1269,Eurobonds,XS0088543193,
1242,Eurobonds,US78307AAE38,
1271,Eurobonds,XS0114288789,
1245,Eurobonds,US78307ACZ49,
9634,Subfederal bond,RU000A0JWZ77,
10610,Subfederal bond,RU000A0ZYDU3,
11431,Subfederal bond,RU000A0ZZQH9,
5528,Subfederal bond,RU000A0JU9G2,
9630,Subfederal bond,RU000A0JWY29,
9054,Subfederal bond,RU000A0JVUW3,
11433,Subfederal bond,RU000A0ZZQQ0,
5995,Subfederal bond,RU000A0JUR46,
9555,Subfederal bond,RU000A0JWUV3,
10544,Subfederal bond,RU000A0ZYBD3,
11394,Subfederal bond,RU000A0ZZPB4,
10744,Subfederal bond,RU000A0ZYML3,
9692,Subfederal bond,RU000A0JX0B9,
9768,Corporate bond,RU000A0JX3M0,
9991,Corporate bond,RU000A0JXRM6,
10024,Corporate bond,RU000A0JXS26,
10707,Corporate bond,RU000A0ZYJT2,
10738,Corporate bond,RU000A0ZYLX0,
10753,Corporate bond,RU000A0ZYL89,
11388,Corporate bond,RU000A0ZZNW5,
11274,Corporate bond,RU000A0ZZCH9,
11489,Corporate bond,RU000A0ZZV86,
9563,Bond,RU000A0JWUD1,
9995,Bond,RU000A0JXRS3,
10921,Bond,RU000A0ZZ083,
4975,Bond,RU000A0JVUX1,
4976,Bond,RU000A0JW9G0,
4977,Bond,RU000A0JWG05,
4978,Bond,RU000A0JWPL4,
9708,Corporate bond,RU000A0JX0L8,
8570,Corporate bond,RU000A0JV2C5,
9561,Corporate bond,RU000A0JWU80,
9252,Corporate bond,RU000A0JW316,
9175,Corporate bond,RU000A0JVZJ9,
9337,Corporate bond,RU000A0JWGW0,
9565,Corporate bond,RU000A0JWVB3,
9908,Corporate bond,RU000A0JXP29,
10693,Corporate bond,RU000A0ZYHU4,
9867,Corporate bond,RU000A0JXN62,
10690,Corporate bond,RU000A0ZYH51,
11439,Corporate bond,RU000A0ZZR58,
4926,Corporate bond,RU000A0JTR72,
4927,Corporate bond,RU000A0JTR80,
4915,Corporate bond,RU000A0JTQB9,
9986,Bond,RU000A0JXRX3,
5267,Bond,RU000A0JVP05,
5270,Bond,RU000A0JVRN8,
8900,Corporate bond,RU000A0JVF98,
8937,Corporate bond,RU000A0JVLA8,
9558,Corporate bond,RU000A0JWU31,
9559,Corporate bond,RU000A0JWU23,
10542,Corporate bond,RU000A0ZYBA9,
10679,Corporate bond,,
10680,Corporate bond,,
739,Unit closed UIF,RU000A0JNUN9,
150,Ordinary share,BSPB,
5201,Shares of a foreign issuer,POLY,
8933,Subfederal bond,RU000A0JVL33,
9396,Subfederal bond,RU000A0JWKB6,
5313,Subfederal bond,RU000A0JU286,
5974,Subfederal bond,RU000A0JUQB7,
10053,Subfederal bond,RU000A0JXTW1,
779,Subfederal bond,RU000A0JNYN1,
5234,Subfederal bond,RU000A0JTZK1,
5409,Subfederal bond,RU000A0JU674,
6147,Subfederal bond,RU000A0JUWT7,
6144,Subfederal bond,RU000A0JUWB5,
9737,Subfederal bond,RU000A0JX215,
10720,Subfederal bond,RU000A0ZYKW4,
9712,Subfederal bond,RU000A0JX0Z8,
182,Ordinary share,AKRN,
4825,Corporate bond,RU000A0JTM28,
4841,Corporate bond,RU000A0JTM36,
4842,Corporate bond,RU000A0JTM44,
4843,Corporate bond,RU000A0JTM51,
136,Ordinary share,AFKS,
9894,Bond,RU000A0JXN21,
10823,Bond,RU000A0ZYQY7,
10867,Bond,RU000A0ZYWU3,
180,Ordinary share,AFLT,
10936,Bond,RU000A0ZZ1H2,
215,Ordinary share,GAZP,
3604,Bond,RU000A0ZZER4,
3619,Bond,RU000A0ZZES2,
3620,Bond,RU000A0ZZET0,
216,Ordinary share,GMKN,
95,Ordinary share,PIKK,
9831,Bond,RU000A0JXK40,
9936,Bond,RU000A0JXQ93,
10450,Bond,RU000A0JXY44,
10941,Bond,RU000A0ZZ1M2,
11003,Bond,RU000A0ZZ3S5,
11141,Bond,RU000A0ZZAW2,
11146,Bond,RU000A0ZZBJ7,
120,Ordinary share,LSRG,
9556,Bond,RU000A0JWU98,
9916,Bond,RU000A0JXPM0,
10548,Bond,RU000A0ZYBV5,
9027,Bond,RU000A0JVUJ0,
5775,Ordinary share,DSKY,
3504,Bond,,
8647,Ordinary share,IRAO,
123,Ordinary share,MVID,
9484,Corporate bond,RU000A0JWN63,
9486,Corporate bond,RU000A0JWN89,
272,Ordinary share,MGNT,
18,Ordinary share,MAGN,
1660,Ordinary share,MTLR,
1496,preferred shares,MTLRP,
283,Ordinary share,MTSS,
3191,Corporate bond,RU000A0JR4J2,
4932,Bond,RU000A0JTTA5,
9815,Bond,RU000A0JXEV5,
4933,Bond,RU000A0JWRV9,
9887,Bond,RU000A0JXMH7,
10624,Bond,RU000A0ZYFC6,
10699,Bond,RU000A0ZYJ83,
10888,Bond,RU000A0ZYWX7,
10889,Bond,RU000A0ZYWY5,
4834,Ordinary share,MOEX,
8808,Ordinary share,UWGN,
268,Ordinary share,LKOH,
23,Ordinary share,ROSN,
4526,Corporate bond,RU000A0JT940,
4527,Corporate bond,RU000A0JT965,
5164,Corporate bond,RU000A0JTYL2,
4956,Corporate bond,RU000A0JTS06,
4957,Corporate bond,RU000A0JTS22,
5165,Corporate bond,RU000A0JTYM0,
5166,Corporate bond,RU000A0JTYN8,
9723,Bond,RU000A0JX132,
10701,Bond,RU000A0ZYJH7,
10702,Bond,RU000A0ZYJJ3,
10732,Bond,RU000A0ZYLG5,
9946,Bond,RU000A0JXQK2,
10835,Bond,RU000A0ZYT40,
9975,Bond,RU000A0JXR68,
10882,Bond,RU000A0ZYVU5,
10448,Bond,RU000A0JXXD3,
10449,Bond,RU000A0JXXE1,
10563,Bond,RU000A0ZYCP5,
286,Ordinary share,NLMK,
9131,Ordinary share,NKHP,
302,Ordinary share,PLZL,
6035,Bond,RU000A0JVMD0,
6036,Bond,RU000A0JVM99,
6037,Bond,RU000A0JVMB4,
1717,Ordinary share,RSTI,
1718,preferred shares,RSTIP,
313,Ordinary share,RTKM,
314,preferred shares,RTKMP,
4232,Bond,RU000A0JVFC6,
9554,Bond,RU000A0JWTN2,
9921,Bond,RU000A0JXPN8,
10636,Bond,RU000A0ZYG52,
10899,Bond,RU000A0ZYYE3,
9162,Ordinary share,SFIN,
1201,Ordinary share,SVAV,
1186,Ordinary share,SBER,
1187,preferred shares,SBERP,
9075,Corporate bond,RU000A0JVWL2,
10550,Bond,RU000A0ZYBS1,
10863,Bond,RU000A0ZYUJ0,
10937,Bond,RU000A0ZZ117,
11149,Bond,RU000A0ZZBN9,
11191,Bond,RU000A0ZZE20,
4708,Bond,RU000A0JWH46,
4709,Bond,RU000A0JXRW5,
4727,Bond,RU000A0JWUE9,
195,Ordinary share,CHMF,
3687,Ordinary share,SELG,
4256,preferred shares,SELGP,
5202,Corporate bond,RU000A0JTZ49,
10891,Corporate bond,RU000A0ZYX28,
10892,Corporate bond,RU000A0ZYWZ2,
5621,Bond,RU000A0JUFL9,
5639,Bond,RU000A0JWPA7,
5642,Bond,RU000A0ZYJR6,
1183,Ordinary share,TATN,
1184,preferred shares,TATNP,
1209,Ordinary share,TGKA,
11000,Bond,,
5576,Bond,RU000A0JUUG8,
5840,Bond,RU000A0JUWW1,
5841,Bond,RU000A0JUX30,
5842,Bond,RU000A0JUWA7,
5843,Bond,RU000A0JUXT5,
1230,preferred shares,TRNFP,
2679,Corporate bond,RU000A0JQCR1,
10602,Bond,RU000A0ZYDD9,
10843,Bond,RU000A0ZYUS1,
10998,Bond,RU000A0ZZ349,
105,Ordinary share,TRMK,
141,Ordinary share,HYDR,
4847,Corporate bond,RU000A0JTMG7,
4848,Corporate bond,RU000A0JTMK9,
8843,Corporate bond,RU000A0JVD25,
9335,Bond,RU000A0JWCB3,
10346,Bond,RU000A0JXTQ3,
1477,Ordinary share,FEES,
11424,Bond,RU000A0ZZQN7,
4279,Bond,RU000A0JX090,
4280,Bond,RU000A0ZYDH0,
4161,Ordinary share,PHOR,
4531,Bond,RU000A0ZYPG6,
4532,Bond,RU000A0JWTH4,
293,Ordinary share,ENRU,
291,Ordinary share,UPRO,
8824,Bond,RU000A0JVC59,
8825,Bond,RU000A0JVC67,
7064,Bond,,
9850,Bond,RU000A0JXLR8,
5803,Bond,RU000A0JV573,
5804,Bond,,
5805,Bond,,
9654,Ordinary share,RNFT,
278,Ordinary share,MSNG,
1714,Bond,,
1716,Bond,,
7046,Depositary receipts of a foreign issuer for shares,AGRO,
5926,Subfederal bond,RU000A0JUNK5,
5007,Subfederal bond,RU000A0JTVZ8,
11425,Subfederal bond,RU000A0ZZR33,
5723,Shares of a foreign exchange-traded investment fund,FXCN,
4844,Shares of a foreign exchange-traded investment fund,FXRB,
5485,Shares of a foreign exchange-traded investment fund,FXDE,
5496,Shares of a foreign exchange-traded investment fund,FXJP,
5498,Shares of a foreign exchange-traded investment fund,FXUK,
5500,Shares of a foreign exchange-traded investment fund,FXIT,
5566,Shares of a foreign exchange-traded investment fund,FXRU,
11393,Shares of a foreign exchange-traded investment fund,FXKZ,
5430,Shares of a foreign exchange-traded investment fund,FXGD,
9540,Subfederal bond,RU000A0JWT75,
10433,Subfederal bond,RU000A0JXVH8,
10698,Subfederal bond,RU000A0ZYJ18,
10625,Depositary receipts of a foreign issuer for shares,ENPL,
8787,Shares of a foreign issuer,RUAL,
4222,Corporate bond,RU000A0JS6S7,
4223,Corporate bond,RU000A0JS6T5,
9058,Corporate bond,RU000A0JVVA7,
9199,Corporate bond,RU000A0JW1G7,
5308,Municipal bond,RU000A0JU1T2,
9026,Municipal bond,RU000A0JVUD3,
9388,Municipal bond,RU000A0JWHW8,
10688,Municipal bond,RU000A0ZYH93,
9547,Bond,RU000A0JWTV5,
9702,Bond,RU000A0JX199,
9807,Bond,RU000A0JXE06,
5808,Bond,RU000A0JVA10,
9918,Bond,RU000A0JXPG2,
8966,Bond,RU000A0JVWD9,
10494,Bond,RU000A0JY023,
8967,Bond,RU000A0JVWJ6,
10535,Bond,RU000A0ZYAP9,
8968,Bond,RU000A0JW1P8,
10752,Bond,RU000A0ZYNY4,
9483,Bond,RU000A0JWST1,
10825,Bond,RU000A0ZYR91,
10932,Bond,RU000A0ZZ1J8,
11073,Bond,RU000A0ZZ984,
11134,Bond,RU000A0ZZAL5,
11476,Bond,RU000A0ZZV11,
289,Ordinary share,NVTK,
9072,Corporate bond,RU000A0JWB59,
5155,Bond,RU000A0JU0B2,
4488,Corporate bond,RU000A0JT6J5,
9271,Corporate bond,RU000A0JW5K0,
11432,Bond,RU000A0ZZQU2,
11474,Bond,RU000A0ZZUL3,
4547,Bond,RU000A0JWTK8,
4548,Bond,RU000A0JX0P9,
4549,Bond,RU000A0JXTF6,
4550,Bond,RU000A0ZYAE3,
4551,Bond,RU000A0ZYHK5,
6176,Bond,RU000A0JXP45,
6177,Bond,RU000A0ZYEE5,
6178,Bond,RU000A0ZYRX7,
6179,Bond,RU000A0ZYRY5,
6181,Bond,RU000A0JW9R7,
6183,Bond,RU000A0JXHQ8,
6184,Bond,RU000A0ZYB73,
6185,Bond,RU000A0ZYM05,
11437,Bond,RU000A0ZZRB0,
4986,Bond,RU000A0JVF56,
6157,Municipal bond,RU000A0JUWU5,
9064,Municipal bond,RU000A0JVVR1,
7059,Municipal bond,RU000A0JV2H4,
9653,Municipal bond,RU000A0JWZ10,
10622,Subfederal bond,RU000A0ZYF61,
8607,Municipal bond,RU000A0JV3M2,
3199,Corporate bond,RU000A0JR4U9,
4619,Corporate bond,RU000A0JTFB2,
4572,Corporate bond,RU000A0JTB96,
6163,Bond,RU000A0JWK66,
10733,Bond,RU000A0ZYLU6,
10822,Bond,RU000A0ZYQU5,
5121,Bond,RU000A0JX2R1,
5120,Bond,RU000A0ZYF20,
5122,Bond,RU000A0ZYF38,
5123,Bond,RU000A0ZYFM5,
5124,Bond,RU000A0ZYAR5,
5125,Bond,RU000A0ZYFN3,
5778,Corporate bond,RU000A0JUJG1,
6135,Corporate bond,RU000A0JUW23,
9323,Corporate bond,RU000A0JWBN0,
10543,Bond,RU000A0ZYBG6,
4182,Bond,RU000A0JVTA1,
4183,Bond,RU000A0JVUY9,
8618,Bond,RU000A0JWUB5,
8626,Bond,RU000A0JWGS8,
8631,Bond,RU000A0JVNB2,
8632,Bond,RU000A0JWNB0,
5733,Unit closed UIF,RU000A0JUDS9,
9922,Bond,RU000A0JXPU3,
6023,Bond,RU000A0JUYJ4,
10939,Bond,RU000A0ZZ8U0,
5010,Bond,RU000A0JU0S6,
5011,Bond,RU000A0JU0T4,
3531,Corporate bond,RU000A0JRJV6,
3538,Corporate bond,RU000A0JRK22,
9798,Bond,RU000A0JXC40,
9973,Bond,RU000A0JXRB9,
9195,Corporate bond,RU000A0JW0S4,
9291,Corporate bond,RU000A0JW5E3,
9331,Corporate bond,RU000A0JWBP5,
9441,Corporate bond,RU000A0JWMJ5,
9912,Bond,RU000A0JXNV6,
10562,Bond,RU000A0ZYCQ3,
11472,Bond,RU000A0ZZUK5,
10400,Bond,,
4114,Corporate bond,RU000A0JS5R1,
4170,Corporate bond,RU000A0JS603,
10689,Bond,RU000A0ZYHH1,
2806,Unit closed UIF,RU000A0JQSM8,
9935,Bond,RU000A0JXQ28,
10731,Bond,RU000A0ZYLF7,
10886,Bond,RU000A0ZYX69,
11438,Bond,RU000A0ZZRK1,
11463,Bond,RU000A0ZZTL5,
4839,Corporate bond,RU000A0JTLJ3,
4840,Corporate bond,RU000A0JTLL9,
5045,Bond,RU000A0JVWN8,
5046,Bond,RU000A0JWBF6,
5051,Bond,RU000A0JW5H6,
5052,Bond,RU000A0JWBE9,
5867,Bond,,
6069,Bond,RU000A0JVJ45,
9655,Bond,RU000A0JX009,
10633,Bond,RU000A0ZYKM5,
11409,Bond,RU000A0ZZPY6,
9148,Corporate bond,RU000A0JVYG8,
6146,Subfederal bond,RU000A0JUWK6,
5744,Corporate bond,RU000A0JUD00,
3042,Corporate bond,RU000A0JQY35,
3646,Corporate bond,RU000A0JRMW8,
5735,Corporate bond,RU000A0JUG15,
745,Unit closed UIF,RU000A0JNUW0,
1136,Unit closed UIF,RU000A0JPM71,
1122,Unit closed UIF,RU000A0JPLG7,
3037,Unit closed UIF,RU000A0JQYE3,
4307,Unit closed UIF,RU000A0JS9A9,
5940,Subfederal bond,RU000A0JUP89,
9021,Subfederal bond,RU000A0JVU65,
10050,Subfederal bond,RU000A0JXSD3,
9751,Subfederal bond,RU000A0JX314,
9757,Subfederal bond,RU000A0JX2S9,
10722,Subfederal bond,RU000A0ZYKU8,
10727,Subfederal bond,RU000A0ZYL48,
5311,Subfederal bond,RU000A0JU1V8,
6145,Subfederal bond,RU000A0JUWJ8,
10600,Subfederal bond,RU000A0ZYCZ4,
9539,Subfederal bond,RU000A0JWSQ7,
5507,Subfederal bond,RU000A0JU8R1,
6193,Subfederal bond,RU000A0JUXW9,
9039,Subfederal bond,RU000A0JVUH4,
9624,Subfederal bond,RU000A0JWXQ7,
10635,Subfederal bond,RU000A0ZYG60,
10704,Subfederal bond,RU000A0ZYJB0,
6198,Corporate bond,RU000A0JV3U5,
7066,Corporate bond,RU000A0JV3T7,
10726,Corporate bond,RU000A0ZYHP4,
6222,Bond,RU000A0ZYUV5,
6223,Bond,RU000A0ZYUW3,
6224,Bond,RU000A0ZYUY9,
6225,Bond,RU000A0ZYV04,
6226,Bond,RU000A0JXFS8,
6227,Bond,RU000A0JXFY6,
8928,Corporate bond,RU000A0JVKK9,
9325,Bond,RU000A0JWBH2,
8990,Bond,RU000A0JVWE7,
9429,Corporate bond,RU000A0JWLE8,
11491,Corporate bond,,
9726,Corporate bond,RU000A0JX1T9,
9971,Corporate bond,RU000A0JXQU1,
9025,Corporate bond,RU000A0JVTQ7,
11033,Corporate bond,RU000A0ZZ6K5,
5748,Unit closed UIF,RU000A0JTYP3,
9997,Corporate bond,RU000A0JXS34,
9328,Bond,RU000A0JWF22,
5035,Bond,RU000A0JWRH8,
5572,Corporate bond,RU000A0JUBD5,
5999,Bond,RU000A0JUU25,
9382,Bond,RU000A0JWGY6,
4633,Corporate bond,RU000A0JTER1,
11064,Bond,,
8790,Bond,RU000A0JVNA4,
5432,Bond,RU000A0JUAG0,
7045,Corporate bond,RU000A0JUQN2,
10616,Bond,RU000A0ZYEQ9,
6027,Corporate bond,RU000A0JUTC9,
1761,Unit closed UIF,RU000A0JQ2Q2,
2433,Unit closed UIF,RU000A0JQ4Q8,
10566,Bond,RU000A0ZYCR1,
5892,Corporate bond,RU000A0JUJP2,
5802,Corporate bond,RU000A0JUH97,
3677,Unit closed UIF,RU000A0JRQT5,
923,Unit closed UIF,RU000A0JP6U6,
4271,Corporate bond,RU000A0JS8R5,
9444,Corporate bond,RU000A0JWMT4,
11001,Bond,RU000A0ZZGE7,
9138,Corporate bond,RU000A0JVUG6,
1150,Unit closed UIF,RU000A0JPMV4,
1441,Ordinary share,MRKU,
2517,Corporate bond,RU000A0JQ7X7,
2518,Corporate bond,RU000A0JQ7Z2,
2789,Corporate bond,RU000A0JQRD9,
4979,Corporate bond,RU000A0JTU85,
5563,Corporate bond,RU000A0JUAH8,
4367,Corporate bond,RU000A0JSGV0,
10828,Corporate bond,RU000A0JVY04,
9895,Bond,RU000A0JXN05,
9938,Bond,RU000A0JXQ44,
9978,Bond,RU000A0JXR84,
10493,Bond,RU000A0JXZB2,
10842,Bond,RU000A0ZYU05,
11017,Bond,RU000A0ZZ4P9,
2666,Bond,RU000A0JWC82,
11130,Bond,RU000A0ZZ9R4,
11273,Bond,RU000A0ZZGT5,
11449,Bond,RU000A0ZZRY2,
10721,Subfederal bond,RU000A0ZYL22,
8635,Subfederal bond,RU000A0JV3Z4,
10683,Subfederal bond,RU000A0ZYGM3,
9010,Subfederal bond,RU000A0JVSY3,
5429,Subfederal bond,RU000A0JU740,
9549,Subfederal bond,RU000A0JWT91,
2855,Ordinary share,AQUA,
3744,Bond,RU000A0JU0N7,
3745,Bond,RU000A0JRZ74,
5593,Bond,RU000A0JUFP0,
5594,Bond,RU000A0JV1D5,
5595,Bond,RU000A0JV5R6,
5596,Bond,RU000A0JV5U0,
5597,Bond,RU000A0JUFQ8,
5598,Bond,RU000A0JVBN2,
5603,Bond,RU000A0JVBS1,
3499,Corporate bond,RU000A0JRHF3,
3498,Corporate bond,RU000A0JRHG1,
9567,Bond,RU000A0JWV89,
10047,Bond,RU000A0JXSS1,
4513,Bond,,
4514,Bond,,
1165,Ordinary share,APTK,
1546,Ordinary share,AMEZ,
5754,Bond,RU000A0JUQC5,
1204,Ordinary share,BELU,
10331,Bond,RU000A0JXTB5,
9998,Bond,RU000A0JXUU3,
172,Ordinary share,OGKB,
4157,Corporate bond,RU000A0JS5E9,
4168,Corporate bond,RU000A0JS5M2,
4156,Corporate bond,RU000A0JS5F6,
10606,Ordinary share,GTRK,
2435,Corporate bond,RU000A0JQ557,
6028,Bond,RU000A0JWP38,
6029,Bond,RU000A0JWSU9,
6030,Bond,RU000A0JWSV7,
6034,Bond,RU000A0JWP46,
211,Ordinary share,DVEC,
5935,Bond,RU000A0JXMZ9,
10930,Bond,RU000A0ZZ8T2,
256,Ordinary share,KMAZ,
9703,Corporate bond,RU000A0ZZ7G1,
9704,Corporate bond,RU000A0ZZ7H9,
9705,Corporate bond,RU000A0ZZ885,
9706,Corporate bond,RU000A0ZZ877,
9707,Corporate bond,RU000A0ZZ893,
8963,Corporate bond,RU000A0JVP39,
9191,Corporate bond,RU000A0JW126,
9688,Corporate bond,RU000A0JX1C5,
9689,Corporate bond,RU000A0JX2B5,
3209,Bond,RU000A0JVZC4,
3210,Bond,RU000A0JVHX8,
3211,Bond,,
1257,Ordinary share,VSMO,
4414,Ordinary share,KGKC,
3123,Ordinary share,MSTT,
3364,Bond,,
3365,Bond,,
3366,Bond,,
4445,Ordinary share,MFON,
10552,Bond,RU000A0ZYC98,
10840,Bond,RU000A0ZYTM6,
1318,Ordinary share,MRKV,
1383,Ordinary share,MRKZ,
1399,Ordinary share,MRKS,
154,Ordinary share,MRKP,
1328,Ordinary share,MRKC,
5190,Bond,RU000A0ZZ1Y7,
279,Ordinary share,MSRS,
5232,Bond,RU000A0JXJS0,
5233,Bond,RU000A0JXR50,
5274,Bond,RU000A0JUA45,
5480,Bond,RU000A0JUFU0,
5482,Bond,RU000A0JV1W5,
9758,Bond,RU000A0JX355,
5483,Bond,RU000A0JV1X3,
9769,Bond,RU000A0JX413,
5484,Bond,RU000A0JV1Y1,
5486,Bond,RU000A0JUCS1,
5487,Bond,RU000A0JUCR3,
5495,Bond,RU000A0JUFV8,
5488,Bond,RU000A0JV201,
5489,Bond,RU000A0JV219,
5490,Bond,RU000A0JV235,
5491,Bond,RU000A0JV243,
5492,Bond,RU000A0JV250,
5493,Bond,RU000A0JV268,
5494,Bond,RU000A0JV227,
8573,Bond,RU000A0JV276,
8574,Bond,RU000A0JV292,
8575,Bond,RU000A0JV284,
8576,Bond,RU000A0JV763,
8577,Bond,RU000A0JV789,
8578,Bond,RU000A0JV7A8,
8579,Bond,RU000A0JV7D2,
8580,Bond,RU000A0JV7C4,
8581,Bond,RU000A0JV7B6,
8582,Bond,RU000A0JV2A9,
8583,Bond,RU000A0JV797,
8584,Bond,RU000A0JV771,
4676,Bond,,
4677,Bond,,
126,Ordinary share,NMTP,
10556,Ordinary share,OBUV,
5383,Ordinary share,UNAC,
3417,Corporate bond,RU000A0JRF11,
13,Ordinary share,RASP,
10435,Bond,RU000A0JXVM8,
1193,Ordinary share,SNGS,
1194,preferred shares,SNGSP,
1221,Ordinary share,TGKN,
9614,Corporate bond,RU000A0JWX79,
9592,Bond,RU000A0JWWM8,
9844,Bond,RU000A0JXK99,
10424,Bond,RU000A0JXVB1,
10617,Bond,RU000A0ZYEB1,
10627,Bond,RU000A0ZYFS2,
5574,Bond,RU000A0JUKA2,
5575,Bond,RU000A0JWLW0,
5837,Bond,RU000A0JUQ96,
5838,Bond,RU000A0JUR04,
5839,Bond,RU000A0JV9Q0,
6138,Bond,RU000A0JUYC9,
6148,Bond,RU000A0JUZZ7,
6149,Bond,RU000A0JV4S7,
6150,Bond,RU000A0JVHH1,
6151,Bond,RU000A0JVPS1,
6152,Bond,RU000A0JVS36,
6153,Bond,RU000A0JW5B9,
6154,Bond,RU000A0JWEG8,
6155,Bond,RU000A0JX0U9,
9407,Bond,RU000A0JWK90,
9445,Bond,RU000A0JWMS6,
9514,Bond,RU000A0JWPW1,
9569,Bond,RU000A0JWVC1,
2823,Bond,RU000A0JWEB9,
9801,Bond,RU000A0JXC24,
9874,Bond,RU000A0JXM97,
9944,Bond,RU000A0JXQD7,
5381,Bond,RU000A0JXPD9,
5382,Bond,RU000A0JXSF8,
10005,Bond,RU000A0JXS75,
11132,Bond,RU000A0ZZ9W4,
11460,Bond,RU000A0ZZT80,
4955,Bond,RU000A0JTVE3,
8608,Bond,,
3108,Corporate bond,RU000A0JR1Y7,
3109,Corporate bond,RU000A0JR1Z4,
3110,Corporate bond,RU000A0JR209,
3111,Corporate bond,RU000A0JR217,
4244,Corporate bond,RU000A0JS7H8,
3553,Corporate bond,RU000A0JRL96,
3994,Corporate bond,RU000A0JRZK5,
4510,Corporate bond,RU000A0JT7T2,
4391,Corporate bond,RU000A0JSQ58,
4806,Corporate bond,RU000A0JTKA4,
4470,Corporate bond,RU000A0JT2K2,
4281,Bond,RU000A0ZYJ91,
4282,Bond,,
4284,Bond,,
4285,Bond,,
4286,Bond,,
9580,Ordinary share,FTRE,
1267,Ordinary share,WTCM,
1268,preferred shares,WTCMP,
9767,Bond,RU000A0JX439,
9818,Bond,RU000A0JXHE4,
9873,Bond,RU000A0JXME4,
10348,Bond,RU000A0JXTY7,
1264,Ordinary share,VZRZ,
8587,Ordinary share,TNSE,
5217,Bond,RU000A0JX2F6,
5218,Bond,RU000A0JX2D1,
5450,Bond,,
9907,Bond,RU000A0JXNB8,
4974,Corporate bond,RU000A0JTTV1,
3594,Unit closed UIF,RU000A0JRNZ9,
6004,Bond,RU000A0JX1V5,
6005,Bond,,
6006,Bond,,
6009,Bond,RU000A0JW167,
6010,Bond,RU000A0JW175,
9806,Bond,RU000A0JXD07,
11448,Bond,RU000A0ZZRZ9,
5807,Bond,RU000A0JV375,
4487,Corporate bond,RU000A0JT6G1,
8559,Corporate bond,RU000A0JV1H6,
8560,Corporate bond,RU000A0JV1N4,
11266,Corporate bond,RU000A0ZZFZ4,
11189,Bond,RU000A0ZZE12,
11435,Bond,RU000A0ZZRC8,
4543,Bond,RU000A0JU7Y9,
4544,Bond,RU000A0JUMH3,
4545,Bond,RU000A0JUQ39,
4546,Bond,RU000A0JUV08,
6182,Bond,RU000A0JWE56,
11195,Corporate bond,,
11196,Corporate bond,,
11197,Corporate bond,RU000A0ZZE87,
11198,Corporate bond,,
11199,Corporate bond,,
11200,Corporate bond,,
5162,Bond,RU000A0JV3K6,
5424,Ordinary share,RDRB,
5302,Bond,,
5303,Bond,,
5737,Bond,,
5738,Bond,,
5739,Bond,,
11077,Bonds of a foreign issuer,XS1577961516,
10240,Bonds of a foreign issuer,XS1449458915,
11332,Shares of a foreign issuer,RAVN,
4352,Bond,,
10620,Bond,RU000A0ZYFE2,
11253,Bond,RU000A0ZZEW4,
4353,Bond,,
11005,Bond,RU000A0ZZ4B9,
11264,Bond,RU000A0ZZG36,
4357,Bond,,
4363,Bond,RU000A0JWCL2,
5668,Bond,RU000A0JUU90,
5669,Bond,RU000A0JUUA1,
5670,Bond,RU000A0JV0U1,
5671,Bond,RU000A0JWPV3,
5672,Bond,RU000A0JWUX9,
5673,Bond,RU000A0JX5W4,
5674,Bond,RU000A0JXQX5,
5675,Bond,RU000A0JXRV7,
5676,Bond,RU000A0ZYBM4,
5677,Bond,RU000A0ZYGB6,
5678,Bond,,
5679,Bond,,
5680,Bond,,
5681,Bond,,
5682,Bond,,
5683,Bond,,
5684,Bond,,
5685,Bond,,
5686,Bond,,
5687,Bond,,
5688,Bond,,
5689,Bond,,
5690,Bond,,
5691,Bond,,
5692,Bond,,
5693,Bond,,
5694,Bond,RU000A0ZYWB3,
5695,Bond,RU000A0ZYU21,
5696,Bond,,
5697,Bond,,
9408,Corporate bond,RU000A0JWK58,
4985,Bond,,
4987,Bond,RU000A0ZZL05,
4988,Bond,,
4496,Bond,,
4497,Bond,,
4498,Bond,,
4499,Bond,,
4500,Bond,,
4501,Bond,,
10547,Bond,RU000A0ZYC31,
10637,Bond,RU000A0ZYH02,
9274,Corporate bond,RU000A0JWM49,
9888,Bond,RU000A0JXQ51,
11016,Bond,,
9018,Mortgage participation certificate,RU000A0JVT35,
9578,Bond,RU000A0JWVS7,
3772,Bond,,
3774,Bond,,
2973,Corporate bond,RU000A0JQY01,
3419,Corporate bond,RU000A0JREW5,
3421,Corporate bond,RU000A0JREX3,
3420,Corporate bond,RU000A0JREZ8,
3729,Corporate bond,RU000A0JRUY7,
3730,Corporate bond,RU000A0JRV52,
5729,Corporate bond,RU000A0JUFE4,
5730,Corporate bond,RU000A0JUFF1,
5731,Corporate bond,RU000A0JUFG9,
5732,Corporate bond,RU000A0JUFH7,
5512,Bond,RU000A0JUEE7,
8952,Bond,RU000A0JVNL1,
8986,Bond,RU000A0JVRV1,
5514,Bond,RU000A0JVKC6,
5520,Bond,RU000A0JV8D0,
5515,Bond,RU000A0JV8G3,
5521,Bond,RU000A0JV9D8,
5516,Bond,RU000A0JV9H9,
5518,Bond,RU000A0JVQQ3,
5519,Bond,,
5502,Bond,RU000A0JW3A6,
5503,Bond,RU000A0JUAT3,
5504,Bond,RU000A0ZYMN9,
5505,Bond,RU000A0ZYMM1,
5506,Bond,,
4287,Bond,RU000A0JXJE0,
4288,Bond,,
4289,Bond,,
6053,Bond,RU000A0JV433,
6054,Bond,RU000A0JVF64,
6055,Bond,,
6161,Bond,,
11014,Bond,RU000A0ZZ547,
9566,Corporate bond,RU000A0JWYJ0,
9979,Bond,RU000A0JXRF0,
10609,Bond,RU000A0ZYEM8,
10729,Bond,RU000A0ZYME8,
11152,Bond,,
5147,Corporate bond,RU000A0JTZF1,
5811,Corporate bond,RU000A0JUKX4,
10879,Bond,RU000A0ZYW94,
9435,Corporate bond,RU000A0JWLY6,
8636,Corporate bond,RU000A0JV409,
9324,Corporate bond,RU000A0JWBA7,
9989,Bond,RU000A0JXRT1,
10438,Bond,RU000A0JXW46,
10718,Bond,RU000A0ZYL55,
11281,Bond,RU000A0ZZJZ6,
6108,Corporate bond,RU000A0JUV81,
9684,Corporate bond,RU000A0JWZT6,
10741,Corporate bond,RU000A0ZYMD0,
4180,Bond,RU000A0JS6M0,
8625,Bond,RU000A0JVWA5,
5559,Bond,,
5560,Bond,,
5561,Bond,,
5552,Bond,,
5553,Bond,,
9728,Bond,RU000A0JX3A5,
10706,Bond,RU000A0ZYU39,
4905,Corporate bond,RU000A0JTPG0,
4973,Corporate bond,RU000A0JTT13,
5361,Bond,RU000A0JU6G8,
5362,Bond,RU000A0JVQT7,
9497,Bond,,
9498,Bond,,
9349,Bond,RU000A0JWDU1,
9988,Bond,RU000A0JXRN4,
8585,Bond,RU000A0JV946,
5012,Bond,,
5015,Bond,,
5014,Bond,,
5698,Bond,RU000A0JUKS4,
5699,Bond,RU000A0JUKT2,
8931,Bond,RU000A0JVS93,
8932,Bond,,
3001,Corporate bond,RU000A0JQYU9,
3034,Bond,,
3035,Bond,,
3036,Bond,,
8927,Bond,RU000A0JVUB7,
5132,Bond,,
5133,Bond,,
5134,Bond,,
5135,Bond,,
5136,Bond,,
9409,Corporate bond,RU000A0JWK74,
9345,Corporate bond,RU000A0JWDA3,
9346,Corporate bond,RU000A0JWDB1,
9347,Corporate bond,RU000A0JWDC9,
4032,Corporate bond,RU000A0JS264,
4473,Corporate bond,RU000A0JT3J2,
4674,Corporate bond,RU000A0JTH82,
5072,Corporate bond,RU000A0JTX09,
5355,Corporate bond,RU000A0JU2N3,
5885,Bond,RU000A0JVPJ0,
9987,Bond,RU000A0JXTG4,
5886,Bond,RU000A0JVDR9,
10442,Bond,RU000A0JXYE9,
5887,Bond,RU000A0JURM2,
10443,Bond,RU000A0JXYG4,
5890,Bond,RU000A0JUWV3,
10441,Bond,RU000A0JXYH2,
5888,Bond,RU000A0JVP21,
5889,Bond,RU000A0JWX46,
9063,Corporate bond,RU000A0JVW22,
9076,Corporate bond,RU000A0JVWT5,
9017,Corporate bond,RU000A0JVUL6,
5762,Bond,RU000A0JUK84,
9917,Bond,RU000A0JXPJ6,
8831,Bond,RU000A0JWYK8,
8793,Bond,RU000A0JWK82,
8794,Bond,RU000A0ZYLL5,
8795,Bond,RU000A0JW1T0,
3136,Bond,,
3138,Bond,,
3139,Bond,,
3141,Bond,,
3142,Bond,,
3143,Bond,,
5154,Bond,,
1719,Corporate bond,RU000A0JQ1H3,
2801,Corporate bond,RU000A0JQS09,
2802,Corporate bond,RU000A0JQS74,
3557,Corporate bond,RU000A0JRMB2,
3561,Corporate bond,RU000A0JRMC0,
4506,Corporate bond,RU000A0JT7M7,
4995,Corporate bond,RU000A0JU6A1,
8953,Corporate bond,RU000A0JVN56,
8954,Corporate bond,RU000A0JVN64,
8955,Corporate bond,RU000A0JVN98,
9201,Corporate bond,RU000A0JW1V6,
9202,Corporate bond,RU000A0JW1Z7,
10943,Corporate bond,RU000A0ZZ4T1,
9476,Corporate bond,RU000A0JWMZ1,
9477,Corporate bond,RU000A0JWN22,
9573,Corporate bond,RU000A0JWV63,
10944,Corporate bond,RU000A0ZZ505,
11479,Corporate bond,RU000A0ZZUS8,
9889,Bond,RU000A0JXMQ8,
10366,Bond,RU000A0JXUC1,
10549,Bond,RU000A0ZYBT9,
10691,Bond,RU000A0ZYJ42,
10890,Bond,RU000A0ZYXJ4,
11412,Bond,RU000A0ZZPZ3,
11478,Bond,RU000A0ZZVQ0,
5700,Bond,RU000A0JV805,
5701,Bond,RU000A0JVWB3,
5702,Bond,,
5703,Bond,,
5704,Bond,,
5705,Bond,RU000A0JUW31,
5706,Bond,RU000A0JUW72,
5707,Bond,RU000A0JV3R1,
5709,Bond,RU000A0JV987,
5710,Bond,,
5711,Bond,,
5712,Bond,,
5713,Bond,,
5714,Bond,,
453,Unit closed UIF,RU000A0ERGA7,
9179,Unit closed UIF,RU000A0JVRF4,
9410,Unit closed UIF,RU000A0JWAW3,
10540,Unit closed UIF,RU000A0ZYC64,
11413,Unit closed UIF,RU000A0ZZ5R2,
11396,Bond,RU000A0ZZQ59,
10725,Bond,RU000A0ZYLD2,
3102,Bond,,
4480,Bond,,
4481,Bond,,
4482,Bond,,
4483,Bond,,
4485,Bond,,
6016,Mortgage participation certificate,RU000A0JUQZ6,
9582,Open unit mutual fund,RU000A0JT7G9,
1161,Unit closed UIF,RU000A0JPPP9,
3345,Unit closed UIF,RU000A0JR8H7,
9782,Open unit mutual fund,RU000A0JX2H2,
3000,Unit closed UIF,RU000A0JQY19,
6001,Unit closed UIF,RU000A0JUR20,
9415,Corporate bond,RU000A0JWKN1,
5770,Corporate bond,RU000A0JUH89,
5984,Bond,RU000A0JUS37,
5986,Bond,RU000A0JUSJ6,
4158,Corporate bond,RU000A0JS5B5,
4159,Corporate bond,RU000A0JS5A7,
4162,Corporate bond,RU000A0JS5L4,
5047,Bond,,
5048,Bond,,
5049,Bond,,
5050,Bond,,
5053,Bond,,
5054,Bond,,
5055,Bond,,
5056,Bond,,
5057,Bond,,
5058,Bond,,
10719,Bond,RU000A0ZYM54,
11260,Bond,RU000A0ZZFH2,
2872,Unit closed UIF,RU000A0JQUQ5,
2871,Unit closed UIF,RU000A0JQUP7,
9437,Bond,RU000A0JWMM9,
9711,Bond,RU000A0JX108,
9947,Bond,RU000A0JXQJ4,
5855,Bond,RU000A0JV052,
5856,Bond,,
5857,Bond,,
5858,Bond,,
5859,Bond,,
5860,Bond,,
5861,Bond,,
5862,Bond,,
5863,Bond,,
5864,Bond,,
5865,Bond,RU000A0JUMJ9,
5866,Bond,RU000A0JUSH0,
5868,Bond,,
5869,Bond,,
5854,Bond,,
5128,Bond,RU000A0JVH05,
5129,Bond,RU000A0JU0U2,
5130,Bond,,
5131,Bond,,
9762,Corporate bond,RU000A0JXJM3,
9763,Corporate bond,RU000A0JXJP6,
8982,Bond,RU000A0JVVK6,
8983,Bond,RU000A0JVVP5,
8984,Bond,RU000A0JVVT7,
3219,Open unit mutual fund,RU000A0JR2C1,
3220,Open unit mutual fund,RU000A0JR290,
3221,Open unit mutual fund,RU000A0JR2A5,
3218,Open unit mutual fund,RU000A0JR282,
10758,Open unit mutual fund,RU000A0HF0L2,
932,Open unit mutual fund,RU000A0JP799,
11144,Open unit mutual fund,RU000A0JVHY6,
3163,Unit closed UIF,RU000A0JR316,
5549,Unit closed UIF,RU000A0JU9Y5,
5279,Bond,RU000A0JUD42,
6070,Bond,,
6071,Bond,,
6072,Bond,,
6073,Bond,,
1166,Ordinary share,AVAN,
9302,Bond,RU000A0JW7D1,
5177,Bond,,
9123,Bond,,
9124,Bond,,
9125,Bond,,
9126,Bond,,
9322,Corporate bond,RU000A0JWF71,
9186,Bond,RU000A0JW1B8,
9275,Bond,RU000A0JW506,
4982,Bond,,
4983,Bond,RU000A0JVD41,
4984,Bond,,
8985,Bond,RU000A0JVRL2,
6018,Bond,RU000A0JUT85,
9056,Bond,RU000A0JVVL4,
6019,Bond,RU000A0JVM32,
9132,Bond,RU000A0JVXX5,
9436,Bond,RU000A0JWM15,
6141,Bond,RU000A0JV0N6,
6142,Bond,RU000A0JV565,
6143,Bond,RU000A0JV6D4,
6085,Bonds of a foreign issuer,XS0620695204,
6099,Bonds of a foreign issuer,XS0925043100,
3685,Corporate bond,RU000A0JRSW5,
3686,Corporate bond,RU000A0JRSX3,
4450,Corporate bond,RU000A0JSZF3,
4451,Corporate bond,RU000A0JSZG1,
5087,Corporate bond,RU000A0JTXP5,
5088,Corporate bond,RU000A0JTXQ3,
5605,Corporate bond,RU000A0JUCH4,
5607,Corporate bond,RU000A0JUCJ0,
5953,Corporate bond,RU000A0JUPS3,
5954,Corporate bond,RU000A0JUPT1,
8557,Corporate bond,RU000A0JV1E3,
8558,Corporate bond,RU000A0JV1F0,
11032,Bond,RU000A0ZZ6Q2,
11136,Bond,RU000A0ZZBD0,
9605,Bond,,
9606,Bond,,
9607,Bond,,
9608,Bond,,
9609,Bond,,
5323,Bond,,
5326,Bond,,
5327,Bond,,
5328,Bond,,
5330,Bond,,
5331,Bond,,
5332,Bond,,
5333,Bond,,
5334,Bond,,
5335,Bond,,
5336,Bond,,
5337,Bond,,
5338,Bond,,
5339,Bond,,
5340,Bond,,
5341,Bond,,
5343,Bond,,
9629,Bond,RU000A0JWYS1,
5237,Bond,RU000A0JVBX1,
5239,Bond,RU000A0JUGY0,
5240,Bond,,
5831,Bond,RU000A0JUPW5,
5780,Bond,RU000A0JV0P1,
5781,Bond,,
5782,Bond,,
5783,Bond,RU000A0JVHS8,
5784,Bond,,
5785,Bond,RU000A0JV0Q9,
9494,Bonds of a foreign issuer,XS1379311761,
11494,Bonds of a foreign issuer,,
9183,Bonds of a foreign issuer,XS1327118284,
9184,Bonds of a foreign issuer,XS1327117633,
9442,Bonds of a foreign issuer,XS1434175730,
9866,Bonds of a foreign issuer,XS1571345583,
9906,Bonds of a foreign issuer,XS1590566193,
10333,Bonds of a foreign issuer,XS1604405545,
10429,Bonds of a foreign issuer,XS1637911451,
10440,Bonds of a foreign issuer,XS1642546581,
10476,Bonds of a foreign issuer,XS1654213294,
10482,Bonds of a foreign issuer,XS1654229290,
10487,Bonds of a foreign issuer,XS1654237129,
10532,Bonds of a foreign issuer,XS1675776014,
10619,Bonds of a foreign issuer,XS1708325748,
10681,Bonds of a foreign issuer,XS1713519012,
10687,Bonds of a foreign issuer,XS1718466250,
10736,Bonds of a foreign issuer,XS1731601867,
10751,Bonds of a foreign issuer,XS1708322133,
10827,Bonds of a foreign issuer,XS1762858428,
10839,Bonds of a foreign issuer,XS1764143597,
10880,Bonds of a foreign issuer,XS1783223206,
10895,Bonds of a foreign issuer,XS1713519368,
10933,Bonds of a foreign issuer,XS1799164790,
11019,Bonds of a foreign issuer,XS1807420937,
11062,Bonds of a foreign issuer,XS1819608172,
11065,Bonds of a foreign issuer,XS1820831607,
11072,Bonds of a foreign issuer,XS1801889830,
11131,Bonds of a foreign issuer,XS1833629253,
11138,Bonds of a foreign issuer,XS1838071964,
11194,Bonds of a foreign issuer,XS1857100413,
11252,Bonds of a foreign issuer,XS1859436070,
11312,Bonds of a foreign issuer,XS1859436401,
11313,Bonds of a foreign issuer,XS1870376461,
11317,Bonds of a foreign issuer,XS1873963794,
11327,Bonds of a foreign issuer,XS1822383094,
11333,Bonds of a foreign issuer,XS1878009866,
11423,Bonds of a foreign issuer,XS1892856128,
11466,Bonds of a foreign issuer,XS1900962892,
11473,Bonds of a foreign issuer,XS1904686661,
11493,Bonds of a foreign issuer,XS1903464391,
6310,Bonds of a foreign issuer,XS0810596832,
5902,Bond,RU000A0JV441,
6080,Bonds of a foreign issuer,XS0993162683,
9003,Bonds of a foreign issuer,XS0524610812,
9004,Bonds of a foreign issuer,XS0559915961,
9050,Bonds of a foreign issuer,XS0800817073,
9385,Bonds of a foreign issuer,XS1084024584,
6083,Bonds of a foreign issuer,XS0848137708,
9384,Bonds of a foreign issuer,XS1040726587,
9538,Bonds of a foreign issuer,XS0885733153,
6092,Bonds of a foreign issuer,XS0191754729,
6095,Bonds of a foreign issuer,XS0424860947,
6097,Bonds of a foreign issuer,XS0316524130,
9520,Bonds of a foreign issuer,XS0906946008,
5568,Subfederal bond,RU000A0JUAZ0,
5777,Mortgage participation certificate,RU000A0JUHS0,
5104,Bond,,
5102,Bond,,
5103,Bond,,
5105,Bond,,
5106,Bond,,
5107,Bond,RU000A0JUTB1,
11188,Bond,RU000A0ZZQT4,
5111,Bond,,
11402,Bond,RU000A0ZZSP8,
5108,Bond,,
5110,Bond,,
5113,Bond,,
5284,Bond,,
5285,Bond,,
9749,Bond,RU000A0JX2M2,
9060,Bonds of a foreign issuer,XS0830192711,
6093,Bonds of a foreign issuer,XS0997544860,
9503,Bonds of a foreign issuer,XS1405775377,
5745,Corporate bond,RU000A0JUD34,
6140,Mortgage participation certificate,RU000A0JUW49,
3092,Unit closed UIF,RU000A0JR0A9,
8918,Corporate bond,RU000A0JVJY2,
8916,Corporate bond,RU000A0JVHJ7,
4009,Corporate bond,RU000A0JS1A6,
4010,Corporate bond,RU000A0JS1B4,
4604,Corporate bond,RU000A0JTCV7,
4605,Corporate bond,RU000A0JTD52,
5577,Corporate bond,RU000A0JUBT1,
5578,Corporate bond,RU000A0JUC19,
4430,Corporate bond,RU000A0JSKJ7,
5394,Corporate bond,RU000A0JU3J9,
5895,Corporate bond,RU000A0JUJ87,
8841,Corporate bond,RU000A0JV7G5,
8842,Corporate bond,RU000A0JV755,
7061,Corporate bond,RU000A0JV1C7,
7062,Corporate bond,RU000A0JV1B9,
8596,Corporate bond,RU000A0JV326,
8597,Corporate bond,RU000A0JV318,
5779,Corporate bond,RU000A0JUJE6,
8910,Corporate bond,RU000A0JVAJ2,
8911,Corporate bond,RU000A0JVAQ7,
8561,Corporate bond,RU000A0JV1U9,
8562,Corporate bond,RU000A0JV1V7,
5665,Corporate bond,RU000A0JUE66,
5955,Corporate bond,RU000A0JUQ54,
9130,Corporate bond,RU000A0JVU81,
5776,Corporate bond,RU000A0JUHY8,
5224,Corporate bond,RU000A0JTZ98,
8653,Corporate bond,RU000A0JV664,
5968,Corporate bond,RU000A0JUPU9,
5951,Corporate bond,RU000A0JUPF0,
8646,Corporate bond,RU000A0JV508,
8614,Corporate bond,RU000A0JV3S9,
7067,Corporate bond,RU000A0JV169,
7068,Corporate bond,RU000A0JV185,
9729,Bond,RU000A0JX2L4,
3217,Unit closed UIF,RU000A0JR555,
4607,Bond,,
4608,Bond,,
4609,Bond,,
8909,Corporate bond,RU000A0JVB35,
9250,Corporate bond,RU000A0JVTM6,
9399,Corporate bond,RU000A0JWF30,
5616,Corporate bond,RU000A0JUCX1,
6175,Corporate bond,RU000A0JUZU8,
3178,Unit closed UIF,RU000A0JR3N6,
5928,Unit closed UIF,RU000A0JUN16,
11280,Unit closed UIF,RU000A0ZZ422,
3559,Unit closed UIF,RU000A0JRL54,
11470,Bond,RU000A0ZZV52,
3755,Unit closed UIF,RU000A0JRSS3,
3757,Unit closed UIF,RU000A0JRST1,
3758,Unit closed UIF,RU000A0JRXV7,
4850,Unit closed UIF,RU000A0JTPA3,
1027,Unit closed UIF,RU000A0JPCF8,
1087,Unit closed UIF,RU000A0JPJ35,
5947,Unit closed UIF,RU000A0JUKK1,
243,Ordinary share,IRGZ,
3214,Bond,,
5996,Bond,RU000A0JUTQ9,
5997,Bond,RU000A0JUTR7,
5998,Bond,RU000A0JXLX6,
9319,Bond,RU000A0JWWR7,
9318,Bond,RU000A0JWU64,
9317,Bond,RU000A0JX2K6,
9316,Bond,RU000A0JXSE1,
3918,Ordinary share,KZOS,
3977,preferred shares,KZOSP,
3312,Bond,,
5170,Bond,,
5171,Bond,,
4045,Bond,RU000A0JVA77,
3006,Bond,,
4965,Bond,,
4967,Bond,,
4968,Bond,,
1687,Ordinary share,LNZL,
2439,preferred shares,LNZLP,
10475,Bonds of a foreign issuer,XS1589324075,
9062,Bonds of a foreign issuer,XS1298447019,
5475,Bond,,
5476,Bond,,
5477,Bond,,
10338,Bond,RU000A0JXT58,
5871,Bonds of a foreign issuer,RU000A0JUG56,
7057,Bonds of a foreign issuer,RU000A0JUG80,
7058,Bonds of a foreign issuer,RU000A0JUG98,
8844,Bonds of a foreign issuer,RU000A0JUG72,
4021,Corporate bond,RU000A0JS1F5,
4237,Corporate bond,RU000A0JS793,
4224,Corporate bond,RU000A0JS710,
9057,Subfederal bond,RU000A0JVV49,
9204,Corporate bond,RU000A0JW2T8,
9542,Bond,RU000A0JWWG0,
6091,Bonds of a foreign issuer,XS0864383723,
10261,Bonds of a foreign issuer,XS1503160571,
10396,Corporate bond,RU000A0JXU89,
1595,Corporate bond,RU000A0JPYA3,
10750,Bond,RU000A0ZYXM8,
9913,Corporate bond,RU000A0JXQQ9,
9269,Corporate bond,RU000A0JWA92,
4243,Corporate bond,RU000A0JSL87,
4613,Bond,RU000A0JTEM2,
9192,Corporate bond,RU000A0JW118,
5769,Mortgage participation certificate,RU000A0JUGA0,
5795,Corporate bond,RU000A0JUJW8,
8784,Bond,RU000A0JVBF8,
9417,Bond,RU000A0JWL32,
3528,Unit closed UIF,RU000A0JRHC0,
5774,Corporate bond,RU000A0JUHV4,
9871,Corporate bond,RU000A0JXM22,
10883,Corporate bond,RU000A0ZYJ26,
10924,Bond,RU000A0ZZ0R3,
11434,Bond,RU000A0ZZV03,
10760,Bond,RU000A0ZYVY7,
9974,Unit closed UIF,RU000A0JXP78,
10737,Bond,RU000A0ZYM21,
9118,Corporate bond,RU000A0JVZB6,
10431,Bond,RU000A0JXVG0,
10931,Bond,RU000A0ZZ2A5,
10821,Bond,RU000A0ZYU54,
11322,Bond,RU000A0ZZNL8,
11436,Bond,RU000A0ZZS73,
11278,Bond,RU000A0ZZKW1,
8833,Corporate bond,RU000A0JVCL4,
9011,Bond,RU000A0JVW55,
9012,Bond,RU000A0JVX62,
9163,Bond,RU000A0JW8X7,
9166,Bond,RU000A0JWCP3,
9167,Bond,RU000A0JWCU3,
9168,Bond,RU000A0JWD65,
9169,Bond,RU000A0JWD73,
10599,Bond,RU000A0ZYE96,
10866,Bond,RU000A0ZZ0D3,
11407,Bond,RU000A0ZZR90,
11046,Bond,RU000A0ZZ7R8,
10761,Bond,RU000A0ZYSS5,
6105,Corporate bond,RU000A0JURT7,
11319,Corporate bond,RU000A0ZYPB7,
11103,Bond,RU000A0ZZNM6,
5767,Bond,RU000A0JUL18,
9418,Corporate bond,RU000A0JWKQ4,
9419,Corporate bond,RU000A0JWKP6,
9321,Corporate bond,RU000A0JV2B7,
8902,Corporate bond,RU000A0JVFN3,
8589,Corporate bond,RU000A0JV2K8,
8590,Corporate bond,RU000A0JV2L6,
9330,Corporate bond,RU000A0JWC25,
8944,Corporate bond,RU000A0JVNC0,
9153,Bond,RU000A0JWEK0,
9154,Bond,RU000A0JXTH2,
9015,Corporate bond,RU000A0JWJQ6,
9022,Corporate bond,RU000A0JVT43,
9074,Bond,RU000A0JVZA8,
11165,Bond,RU000A0ZZCX6,
11153,Bond,RU000A0ZZCV0,
5265,Bond,,
5266,Bond,,
5268,Bond,,
5269,Bond,,
5271,Bond,,
5272,Bond,,
8556,Corporate bond,RU000A0JV2E1,
11254,Bond,RU000A0ZZFP5,
11104,Bond,RU000A0ZZAR2,
11166,Bond,RU000A0ZZDQ8,
11459,Bond,RU000A0ZZUR0,
3595,Corporate bond,RU000A0JRPK6,
8826,Corporate bond,RU000A0JVE40,
9378,Corporate bond,RU000A0JWAT9,
2451,Corporate bond,RU000A0JQ5C5,
6195,Corporate bond,RU000A0JUZN3,
5250,Bond,,
9943,Bond,RU000A0JXQH8,
5252,Bond,,
5253,Bond,,
5255,Bond,RU000A0JVD17,
5256,Bond,RU000A0JWCK4,
9945,Bond,RU000A0JXQM8,
9983,Bond,RU000A0JXRL8,
10049,Bond,RU000A0JXSR3,
10477,Bond,RU000A0JXY10,
10478,Bond,RU000A0JXY28,
5018,Bond,RU000A0JXVY3,
5019,Bond,,
5020,Bond,,
9292,Bond,RU000A0JWB83,
9293,Bond,RU000A0JX8E6,
9294,Bond,,
3337,Unit closed UIF,RU000A0JR7Y4,
4914,Unit closed UIF,RU000A0JTQH6,
3333,Unit closed UIF,RU000A0JR7V0,
3338,Unit closed UIF,RU000A0JR7W8,
4959,Bond,RU000A0JTV50,
4960,Bond,,
4961,Bond,,
6160,Unit Interval UIF,RU000A0JUR61,
9550,Corporate bond,RU000A0JWTJ0,
10345,Bond,RU000A0ZY9T1,
10709,Bond,,
11044,Bond,RU000A0ZZ8A2,
11069,Bond,RU000A0ZZAT8,
5296,Corporate bond,RU000A0JU179,
6217,Bond,RU000A0JVYD5,
6218,Bond,RU000A0JW4F3,
6106,Corporate bond,RU000A0JURQ3,
6212,Bond,RU000A0JV0G0,
6107,Corporate bond,RU000A0JURP5,
9416,Corporate bond,RU000A0JWWX5,
4631,Unit closed UIF,RU000A0JT510,
6123,Bond,RU000A0JWWJ4,
6124,Bond,RU000A0JWWH8,
6125,Bond,,
6126,Bond,,
9300,Bond,,
4299,Unit closed UIF,RU000A0JS991,
8930,Unit closed UIF,RU000A0JVGP6,
6064,Corporate bond,RU000A0JUUB9,
9170,Bond,RU000A0JW2R2,
9171,Bond,RU000A0JWE72,
9172,Bond,RU000A0JWEP9,
9173,Bond,RU000A0JWES3,
9174,Bond,RU000A0JWG88,
5384,Bond,RU000A0JU6M6,
5385,Bond,RU000A0JWPF6,
5386,Bond,RU000A0JVUS1,
5387,Bond,RU000A0JVXS5,
5388,Bond,RU000A0JWVT5,
4946,Bond,,
4947,Bond,,
4948,Bond,,
4949,Bond,,
5433,Bond,RU000A0ZYA74,
9254,Bond,RU000A0ZYLB6,
9255,Bond,,
9256,Bond,RU000A0JWQX7,
9257,Bond,RU000A0JXN13,
9258,Bond,,
9259,Bond,,
9260,Bond,RU000A0JWLJ7,
9253,Bond,,
10565,Bond,,
11008,Bond,RU000A0ZZ695,
5660,Corporate bond,RU000A0JUDW1,
11070,Bond,RU000A0ZZ9X2,
11488,Bond,,
6038,Corporate bond,RU000A0JUT69,
9515,Bond,RU000A0JWPZ4,
9853,Bond,RU000A0JXLE6,
4937,Bond,,
4938,Bond,,
4944,Bond,RU000A0JW5J2,
4945,Bond,,
9403,Corporate bond,RU000A0JWKY8,
9404,Corporate bond,RU000A0JXMB0,
9405,Corporate bond,RU000A0JXPT5,
10334,Bond,RU000A0ZYZS0,
10335,Bond,RU000A0ZYB81,
10336,Bond,RU000A0ZYL30,
10613,Bond,,
10614,Bond,RU000A0ZYLR2,
10615,Bond,,
10605,Corporate bond,,
11015,Bond,RU000A0ZZNV7,
9701,Corporate bond,RU000A0JXFC2,
9181,Corporate bond,RU000A0JW8G2,
2965,Corporate bond,RU000A0JQXR7,
5357,Corporate bond,RU000A0JU336,
8979,Corporate bond,RU000A0JVQX9,
8980,Corporate bond,RU000A0JVQY7,
9276,Bond,,
9610,Bond,RU000A0JWWW7,
9277,Bond,,
11265,Bond,RU000A0ZZG93,
9278,Bond,,
9279,Bond,,
9280,Bond,,
9281,Bond,,
9282,Bond,,
9283,Bond,,
9284,Bond,,
9285,Bond,,
9286,Bond,,
9287,Bond,,
10434,Bond,RU000A0JXVE5,
3710,Corporate bond,RU000A0JRU20,
3711,Corporate bond,RU000A0JRU46,
10829,Bond,,
11331,Bond,,
8791,Corporate bond,RU000A0JVED7,
11147,Bond,RU000A0ZZEA0,
11320,Bond,RU000A0ZZMQ9,
9848,Corporate bond,RU000A0JXLU2,
11455,Corporate bond,,
10682,Corporate bond,RU000A0ZYMF5,
11490,Corporate bond,,
5993,Corporate bond,RU000A0JUQW3,
6128,Bond,RU000A0JV334,
8921,Unit closed UIF,RU000A0JVJA2,
8756,Unit closed UIF,RU000A0JUTH8,
3702,Unit closed UIF,RU000A0JRTR3,
5526,Unit closed UIF,RU000A0JU971,
9121,Unit Interval UIF,RU000A0JVUA9,
8827,Corporate bond,RU000A0JVE57,
10922,Corporate bond,RU000A0ZZ4Z8,
11143,Corporate bond,RU000A0ZZC22,
5793,Bond,RU000A0JULR4,
11461,Bond,RU000A0ZZTK7,
8809,Corporate bond,RU000A0JVC42,
2868,Unit closed UIF,RU000A0JQUE1,
10402,Bond,RU000A0JXY85,
10927,Bond,RU000A0ZZ141,
10928,Bond,RU000A0ZZ158,
5969,Mortgage participation certificate,RU000A0JUP71,
5016,Unit closed UIF,RU000A0JTVY1,
11325,Share Exchange Funds,AKNX,
11392,Unit Interval UIF,RU000A0ZZCD8,
11261,Unit closed UIF,RU000A0JVKZ7,
3400,Unit closed UIF,RU000A0JRBT7,
8919,Mortgage participation certificate,RU000A0JVEZ0,
8914,Unit closed UIF,RU000A0JUZ61,
2910,Unit Interval UIF,RU000A0JNK00,
2911,Unit Interval UIF,RU000A0JNK34,
876,Unit Interval UIF,RU000A0JP4U1,
1156,Unit closed UIF,RU000A0JPNS8,
5137,Mortgage participation certificate,RU000A0JTXM2,
1529,Unit closed UIF,RU000A0JPY69,
738,Unit closed UIF,RU000A0JNUM1,
9421,Unit closed UIF,RU000A0JWJA0,
1516,Unit closed UIF,RU000A0JPWL4,
2857,Unit closed UIF,RU000A0JQT81,
1121,Open unit mutual fund,RU000A0JPKJ3,
1099,Unit closed UIF,RU000A0JPJR8,
9785,Open unit mutual fund,RU000A0JX1H4,
4370,Unit closed UIF,RU000A0JSGF3,
5532,Unit closed UIF,RU000A0JU0G1,
10538,Open unit mutual fund,RU000A0JURB5,
3334,Unit closed UIF,RU000A0JR7Z1,
3335,Unit closed UIF,RU000A0JR811,
3336,Unit closed UIF,RU000A0JR7X6,
1068,Unit closed UIF,RU000A0JPGC6,
865,Unit closed UIF,RU000A0JP450,
8913,Unit closed UIF,RU000A0JVGM3,
10834,Bond,RU000A0ZYSE5,
9071,Corporate bond,RU000A0JVXW7,
9193,Corporate bond,RU000A0JVZF7,
9194,Corporate bond,RU000A0JVZG5,
8701,Corporate bond,RU000A0JVE65,
4315,Corporate bond,RU000A0JTD37,
5661,Corporate bond,RU000A0JUDX9,
9766,Bond,RU000A0JX3X7,
11469,Bond,RU000A0ZZUZ3,
3282,Bond,,
3283,Bond,,
3284,Bond,,
3285,Bond,,
1756,Corporate bond,RU000A0JPZF9,
9993,Corporate bond,,
5226,Corporate bond,RU000A0JTZG9,
5420,Bond,,
5421,Bond,,
5422,Bond,,
10913,Bond,RU000A0ZZ0L6,
5541,Bond,,
5542,Bond,RU000A0JUN08,
5543,Bond,RU000A0JWC66,
8708,Bond,RU000A0JVBW3,
9389,Corporate bond,RU000A0JWKL5,
10836,Bond,RU000A0ZZ2V1,
11262,Bond,,
8605,Bond,RU000A0JXW87,
10868,Bond,RU000A0ZZ0Q5,
5172,Bond,RU000A0JU8S9,
9920,Bond,RU000A0JXPH0,
5173,Bond,,
5174,Bond,,
10533,Bond,RU000A0ZYAQ7,
10926,Bond,RU000A0ZZ1F6,
10686,Bond,RU000A0ZYJX4,
11135,Bond,RU000A0ZZAE0,
11271,Bond,RU000A0ZZGZ2,
1658,Unit closed UIF,RU000A0JPZP8,
1655,Unit closed UIF,RU000A0JPZL7,
2512,Unit closed UIF,RU000A0JQ797,
6228,Unit closed UIF,RU000A0JUKR6,
3672,Unit closed UIF,RU000A0JRRN6,
2777,Unit closed UIF,RU000A0JQP77,
2778,Unit closed UIF,RU000A0JQPA9,
2776,Unit closed UIF,RU000A0JQP93,
4554,Unit closed UIF,RU000A0JT8U8,
3917,Ordinary share,KUNF,
4638,Ordinary share,MSST,
4845,Ordinary share,GTLC,
1747,Ordinary share,BLNG,
5025,Corporate bond,RU000A0JTWT9,
10708,Bond,RU000A0ZYLK7,
4001,Ordinary share,GAZT,
3693,Ordinary share,GAZS,
3692,Ordinary share,GAZC,
4478,Ordinary share,GTPR,
3293,Ordinary share,DZRD,
3294,preferred shares,DZRDP,
4571,Ordinary share,LVHK,
10559,Bond,RU000A0ZYHW0,
269,Ordinary share,LPSB,
5082,Bond,RU000A0JVYM6,
5083,Bond,,
5084,Bond,,
5085,Bond,RU000A0JWR51,
9752,Bond,RU000A0JX3H0,
3976,Ordinary share,NPOF,
2465,Corporate bond,RU000A0JQ5Q5,
8851,Corporate bond,RU000A0JVB19,
8852,Corporate bond,RU000A0JVB27,
9014,Corporate bond,RU000A0JVKH5,
9732,Corporate bond,RU000A0JX1S1,
9434,Corporate bond,RU000A0JWLU4,
2661,Bond,RU000A0JVW71,
2664,Bond,RU000A0JWD57,
2665,Bond,,
5059,Bond,RU000A0JTZM7,
5060,Bond,RU000A0JUCG6,
5061,Bond,RU000A0JXJK7,
5062,Bond,RU000A0JU542,
5063,Bond,RU000A0JU7B7,
5064,Bond,RU000A0JVJS4,
5065,Bond,RU000A0JU9M0,
5066,Bond,RU000A0JUX71,
5067,Bond,RU000A0JWHU2,
5069,Bond,RU000A0JTY57,
5070,Bond,RU000A0JUPZ8,
5071,Bond,,
3540,Corporate bond,RU000A0JRKC4,
3541,Corporate bond,RU000A0JRKD2,
3542,Corporate bond,RU000A0JRKM3,
4113,Corporate bond,RU000A0JS3M7,
4109,Corporate bond,RU000A0JS3L9,
3742,Corporate bond,RU000A0JRVU3,
1636,Ordinary share,JNOS,
2983,preferred shares,JNOSP,
1626,Ordinary share,MGNZ,
3945,Ordinary share,TGKO,
2905,Bond,,
3898,Ordinary share,ELTZ,
3973,Ordinary share,MGVM,
3915,Ordinary share,KRKO,
3916,preferred shares,KRKOP,
183,Ordinary share,ARSA,
9613,Bonds of a foreign issuer,XS1506500039,
8668,Bonds of a foreign issuer,XS0922301717,
5399,Subfederal bond,RU000A0JU5W7,
5400,Subfederal bond,RU000A0JU5X5,
10339,Bond,RU000A0JXTN0,
5599,Bond,RU000A0JVFS2,
5600,Bond,RU000A0JVFX2,
5601,Bond,RU000A0JVGJ9,
5602,Bond,RU000A0JVGK7,
1280,Ordinary share,NKNC,
1281,preferred shares,NKNCP,
8788,Ordinary share,SIBG,
9426,Bond,RU000A0JWLX8,
10444,Bond,RU000A0JXZM9,
187,Ordinary share,AVAZ,
2426,preferred shares,AVAZP,
3892,Ordinary share,ALNU,
96,Ordinary share,ARMD,
10051,Ordinary share,ACKO,
4471,Ordinary share,ABRD,
1246,Ordinary share,UTAR,
3747,Ordinary share,BANE,
3748,preferred shares,BANEP,
4132,Corporate bond,RU000A0JS3U0,
9731,Bond,RU000A0JX2P5,
3651,Bond,RU000A0JWH87,
9753,Bond,RU000A0JX2X9,
3652,Bond,RU000A0JVEQ9,
9797,Bond,RU000A0JX9X4,
3653,Bond,RU000A0JVFD4,
5243,Bond,RU000A0JUML5,
5244,Bond,RU000A0JWGC2,
5245,Bond,RU000A0JVHF5,
5246,Bond,RU000A0JWGD0,
5247,Bond,RU000A0JWX04,
5248,Bond,RU000A0JX2Q3,
9045,Bond,RU000A0JVUK8,
9136,Bond,RU000A0JVXZ0,
9632,Bond,RU000A0JWYQ5,
9686,Bond,RU000A0JWZY6,
4206,Bond,,
4207,Bond,,
4208,Bond,,
4209,Bond,,
4210,Bond,,
4211,Bond,,
186,Ordinary share,ASSB,
3952,Ordinary share,USBN,
5363,Bond,,
11018,Bond,RU000A0ZZ5A8,
5364,Bond,,
5365,Bond,,
5366,Bond,,
5367,Bond,,
2875,Ordinary share,BISV,
2876,preferred shares,BISVP,
5262,Bond,RU000A0JVG89,
5263,Bond,RU000A0JWFE0,
4258,Ordinary share,ALBK,
3894,Ordinary share,BRZL,
4320,Ordinary share,VTRS,
7043,Bond,RU000A0JW3R0,
3954,Ordinary share,VJGZ,
3955,preferred shares,VJGZP,
4018,Corporate bond,RU000A0JS1S8,
1249,Ordinary share,VDSB,
1253,Ordinary share,VLHZ,
1251,Ordinary share,VGSB,
1252,preferred shares,VGSBP,
8586,Corporate bond,RU000A0JV102,
4452,Bond,,
4454,Bond,,
4455,Bond,,
9140,Bond,RU000A0JVYN4,
9141,Bond,RU000A0JVYP9,
4464,Ordinary share,VSYD,
4463,preferred shares,VSYDP,
5375,Bond,,
5376,Bond,RU000A0JVUN2,
5377,Bond,RU000A0JVUP7,
5378,Bond,,
1633,Ordinary share,GAZA,
10925,preferred shares,GAZAP,
7999,Ordinary share,GTSS,
5463,Corporate bond,RU000A0JU807,
5789,Bond,,
5790,Bond,,
5791,Bond,,
5792,Bond,,
4566,Ordinary share,RTGZ,
1190,Ordinary share,SIBN,
3323,Corporate bond,RU000A0JR878,
2848,Bond,RU000A0JWRE5,
9910,Bond,RU000A0JXNF9,
10483,Bond,RU000A0JXYL4,
2850,Bond,RU000A0JWK41,
10604,Bond,RU000A0ZYDS7,
2851,Bond,RU000A0JWRF2,
10723,Bond,RU000A0ZYLC4,
10724,Bond,RU000A0ZYLQ4,
10893,Bond,RU000A0ZYXV9,
3598,Bond,,
3599,Bond,,
3600,Bond,,
3601,Bond,,
3602,Bond,,
3603,Bond,,
3605,Bond,,
3606,Bond,,
3607,Bond,,
3608,Bond,,
3609,Bond,,
3610,Bond,,
3611,Bond,,
3612,Bond,,
3613,Bond,,
3614,Bond,,
3615,Bond,,
3616,Bond,RU000A0JUAN6,
3617,Bond,RU000A0JUAP1,
3621,Bond,,
3622,Bond,,
3623,Bond,,
3624,Bond,,
3625,Bond,,
5734,Depositary receipts of a foreign issuer for shares,OGZD,
22,Ordinary share,HALS,
5719,Bond,RU000A0JW5C7,
5720,Bond,,
5721,Bond,,
5722,Bond,,
9032,Ordinary share,GRNT,
4634,Ordinary share,RLMN,
5822,preferred shares,RLMNP,
7070,Bond,,
3342,Bond,,
1279,Ordinary share,GCHE,
203,Ordinary share,DASB,
1538,Ordinary share,FESH,
2894,Bond,RU000A0JVCQ3,
2895,Bond,RU000A0JTY24,
5932,Bond,,
5933,Bond,,
5934,Bond,,
5936,Bond,,
5937,Bond,,
5938,Bond,,
9890,Ordinary share,EELT,
8836,Ordinary share,UTSY,
3746,Ordinary share,ZVEZ,
3959,Ordinary share,ZILL,
1277,Ordinary share,ZMZN,
1278,preferred shares,ZMZNP,
5970,Corporate bond,RU000A0JUP63,
8703,Ordinary share,IDVP,
9129,Bond,RU000A0JWCW9,
3754,Ordinary share,RUSI,
1535,Ordinary share,OPIN,
9832,Bond,RU000A0JXLM9,
10629,Bond,RU000A0ZYG37,
3902,Ordinary share,IGST,
3904,preferred shares,IGSTP,
4682,Corporate bond,RU000A0JTHF9,
5320,Corporate bond,RU000A0JU278,
245,Ordinary share,ISKJ,
3423,Bond,,
3424,Bond,,
3425,Bond,,
3426,Bond,,
3427,Bond,,
3428,Bond,,
3429,Bond,,
3430,Bond,,
3431,Bond,,
3432,Bond,,
3433,Bond,,
3434,Bond,,
3435,Bond,,
3436,Bond,,
3437,Bond,,
3438,Bond,,
255,Ordinary share,KLSB,
1212,Ordinary share,TGKD,
1213,preferred shares,TGKDP,
4435,Bond,,
4436,Bond,,
4437,Bond,,
4438,Bond,,
3242,Ordinary share,KSGR,
5662,Bond,,
5663,Bond,,
5664,Bond,RU000A0JVDF4,
1540,Ordinary share,KOGK,
3907,Ordinary share,KMTZ,
260,Ordinary share,KTSB,
261,preferred shares,KTSBP,
3240,Bond,,
3241,Bond,,
266,Ordinary share,KZMS,
1664,Ordinary share,KRSB,
1663,preferred shares,KRSBP,
2863,Ordinary share,KBTK,
3905,Ordinary share,KAZT,
3906,preferred shares,KAZTP,
4507,preferred shares,KGKCP,
1706,Ordinary share,MERF,
3408,Ordinary share,,
3325,Ordinary share,MNFD,
5144,Bond,,
3367,Bond,,
3368,Bond,,
3369,Bond,,
3370,Bond,,
5204,Bond,,
9377,Bond,RU000A0JWGG3,
5205,Bond,,
9411,Bond,RU000A0JWKA8,
5206,Bond,,
1599,Ordinary share,ODVA,
5138,Bond,,
5139,Bond,,
5140,Bond,,
5141,Bond,,
1378,Ordinary share,MRKK,
5750,Bond,,
5751,Bond,,
5752,Bond,,
5073,Bond,,
5074,Bond,,
5075,Bond,,
5188,Bond,RU000A0JVYL8,
5189,Bond,RU000A0JWR44,
1483,Ordinary share,MRKY,
6026,Bond,RU000A0JXVT3,
2491,Corporate bond,RU000A0JQ8V9,
3067,Corporate bond,RU000A0JR0K8,
3068,Corporate bond,RU000A0JR0J0,
3346,Corporate bond,RU000A0JR8L9,
3347,Corporate bond,RU000A0JR8P0,
3525,Corporate bond,RU000A0JRJS2,
3526,Corporate bond,RU000A0JRJT0,
3527,Corporate bond,RU000A0JRJY0,
1771,Bond,,
1770,Bond,,
1769,Bond,,
1766,Bond,,
1765,Bond,,
1764,Bond,,
4535,Bond,,
4536,Bond,,
4537,Bond,,
4538,Bond,,
4539,Bond,,
4540,Bond,,
277,Ordinary share,MRSB,
3922,Ordinary share,MORI,
1176,Ordinary share,MGTS,
1175,preferred shares,MGTSP,
258,Ordinary share,KROT,
337,preferred shares,KROTP,
5227,Bond,RU000A0JUUU9,
5228,Bond,RU000A0JWJX2,
5229,Bond,RU000A0JWNK1,
5231,Bond,RU000A0JWEZ8,
8899,Corporate bond,RU000A0JVFE2,
3923,Ordinary share,MUGS,
3924,preferred shares,MUGSP,
3998,Ordinary share,NSVZ,
244,Ordinary share,IRKT,
5275,Bond,,
5276,Bond,,
8898,Corporate bond,RU000A0JVMU4,
9164,Bond,RU000A0JWE64,
11418,Bond,,
3671,Ordinary share,NFAZ,
1734,Bond,,
1735,Bond,,
1736,Bond,,
1737,Bond,,
1738,Bond,,
1739,Bond,,
1740,Bond,,
1741,Bond,,
1742,Bond,,
1743,Bond,,
3926,Ordinary share,NKSH,
4189,Bond,,
4191,Bond,,
4192,Bond,,
4193,Bond,,
1554,Ordinary share,SATR,
3375,Corporate bond,RU000A0JRA65,
4923,Ordinary share,UCSS,
2811,Ordinary share,OMSH,
2869,Ordinary share,PRTK,
3929,Ordinary share,PAZA,
303,Ordinary share,PMSB,
304,preferred shares,PMSBP,
3648,Ordinary share,PLSM,
4019,Corporate bond,RU000A0JS1J7,
9366,Bond,RU000A0JWEU9,
4375,Bond,RU000A0JUVF8,
4377,Bond,RU000A0JUVG6,
4378,Bond,,
4379,Bond,,
4380,Bond,,
3248,Ordinary share,RBCM,
3895,Ordinary share,CHGZ,
1561,Ordinary share,ROST,
4390,Bond,RU000A0JWDN6,
4416,Bond,,
4417,Bond,,
4418,Bond,,
1317,Ordinary share,RKKE,
5813,Bond,RU000A0JWRM8,
5814,Bond,RU000A0JWRN6,
5816,Bond,RU000A0JVZ94,
5817,Bond,RU000A0JVZP6,
5818,Bond,,
5819,Bond,,
5820,Bond,,
5821,Bond,,
5884,Depositary receipts of a foreign issuer for shares,RSDR,
3765,Ordinary share,RUGR,
5294,Ordinary share,ROLO,
1557,Ordinary share,RUSP,
1185,Ordinary share,RZSB,
9329,Corporate bond,RU000A0JWBK6,
9508,Corporate bond,RU000A0JWNV8,
9557,Corporate bond,RU000A0JWU72,
11066,Bond,,
11067,Bond,,
11068,Bond,,
6060,Corporate bond,RU000A0JUVT9,
3913,Ordinary share,KRKN,
3914,preferred shares,KRKNP,
3749,Ordinary share,SARE,
3750,preferred shares,SAREP,
4691,Bond,,
4692,Bond,,
9933,Bond,RU000A0JXPE7,
4693,Bond,,
4694,Bond,,
4695,Bond,,
10934,Bond,RU000A0ZZ0Z6,
4696,Bond,,
4697,Bond,,
11010,Bond,RU000A0ZZ3U1,
4698,Bond,,
11031,Bond,RU000A0ZZ5U6,
4699,Bond,,
11029,Bond,RU000A0ZZ7U2,
4700,Bond,,
11030,Bond,RU000A0ZZAJ9,
4701,Bond,,
11106,Bond,RU000A0ZZ992,
4702,Bond,,
4703,Bond,,
11164,Bond,RU000A0ZZDM7,
4704,Bond,,
11167,Bond,RU000A0ZZD88,
4705,Bond,,
11193,Bond,RU000A0ZZE38,
4706,Bond,,
11258,Bond,RU000A0ZZEU8,
11263,Bond,RU000A0ZZFC3,
11275,Bond,RU000A0ZZHD7,
4710,Bond,,
11292,Bond,RU000A0ZZKS9,
4711,Bond,,
11293,Bond,RU000A0ZZKR1,
4712,Bond,,
11316,Bond,RU000A0ZZL54,
4713,Bond,,
11326,Bond,RU000A0ZZMA3,
4714,Bond,,
11329,Bond,RU000A0ZZMB1,
4715,Bond,,
11389,Bond,RU000A0ZZP19,
4716,Bond,,
11387,Bond,RU000A0ZZP35,
4717,Bond,,
11390,Bond,RU000A0ZZP27,
4718,Bond,,
11408,Bond,RU000A0ZZPE8,
4719,Bond,,
4720,Bond,,
11415,Bond,RU000A0ZZQ18,
4721,Bond,,
11419,Bond,RU000A0ZZQK3,
4722,Bond,,
11452,Bond,RU000A0ZZRU0,
4723,Bond,,
11454,Bond,RU000A0ZZSJ1,
4724,Bond,,
11456,Bond,RU000A0ZZSK9,
4725,Bond,,
11462,Bond,RU000A0ZZT15,
4726,Bond,,
11468,Bond,RU000A0ZZTW2,
11467,Bond,RU000A0ZZTX0,
4728,Bond,,
11475,Bond,RU000A0ZZUX8,
4729,Bond,,
11497,Bond,,
4730,Bond,,
11495,Bond,,
4731,Bond,,
4733,Bond,,
4734,Bond,,
4735,Bond,,
4736,Bond,,
4737,Bond,,
4738,Bond,,
4739,Bond,,
4740,Bond,,
4741,Bond,,
6110,Bond,,
8722,Bond,,
8723,Bond,,
8724,Bond,,
8725,Bond,,
8726,Bond,,
8727,Bond,,
8728,Bond,,
8729,Bond,,
8730,Bond,,
8731,Bond,,
8732,Bond,,
8733,Bond,,
8734,Bond,,
8735,Bond,,
8736,Bond,,
8737,Bond,,
8738,Bond,,
8739,Bond,,
8740,Bond,,
8741,Bond,,
8742,Bond,,
8743,Bond,,
8744,Bond,,
8745,Bond,,
8746,Bond,,
8747,Bond,,
8748,Bond,,
8749,Bond,,
8750,Bond,,
8751,Bond,,
8752,Bond,,
8753,Bond,,
8754,Bond,,
1621,Ordinary share,SZPR,
4371,Bond,,
4372,Bond,,
4373,Bond,,
4374,Bond,,
5426,Corporate bond,RU000A0JU716,
5980,Bond,RU000A0JWTW3,
5981,Bond,RU000A0JWTX1,
5982,Bond,RU000A0JX0Y1,
5983,Bond,RU000A0JX1A9,
9845,Corporate bond,RU000A0JXKQ2,
5638,Bond,,
5641,Bond,,
5643,Bond,,
5644,Bond,,
1199,Ordinary share,STSB,
1200,preferred shares,STSBP,
1255,Ordinary share,VRSB,
1256,preferred shares,VRSBP,
248,Ordinary share,KBSB,
274,Ordinary share,MISB,
275,preferred shares,MISBP,
287,Ordinary share,NNSB,
288,preferred shares,NNSBP,
316,Ordinary share,RTSB,
317,preferred shares,RTSBP,
1274,Ordinary share,YRSB,
1275,preferred shares,YRSBP,
9518,Corporate bond,RU000A0JWQ45,
4308,Bond,,
4309,Bond,RU000A0JTYQ1,
4310,Bond,,
4311,Bond,,
4312,Bond,,
1205,Ordinary share,TASB,
1206,preferred shares,TASBP,
3943,Ordinary share,TANL,
3944,preferred shares,TANLP,
1231,Ordinary share,TTLK,
4022,Corporate bond,RU000A0JS1W0,
4135,Corporate bond,RU000A0JS470,
1210,Ordinary share,TGKB,
1211,preferred shares,TGKBP,
5373,Bond,RU000A0JU7L6,
1224,Ordinary share,TORS,
1225,preferred shares,TORSP,
11257,Ordinary share,TRFM,
11446,Ordinary share,,
2824,Bond,RU000A0JWS92,
2825,Bond,RU000A0JXPK4,
5380,Bond,RU000A0JWCM0,
5436,Depositary receipts of a foreign issuer for shares,TMKS,
1548,Ordinary share,TUZA,
3304,Ordinary share,TUCH,
1537,Ordinary share,UKUZ,
1238,Ordinary share,URKA,
9543,Bond,RU000A0JWU15,
9544,Bond,RU000A0JWUA7,
4257,Ordinary share,URKZ,
5304,Bond,,
5305,Bond,,
5307,Bond,,
8609,Bond,,
8610,Bond,,
8611,Bond,,
3198,Ordinary share,LIFE,
3439,Corporate bond,RU000A0JRFN1,
3440,Corporate bond,RU000A0JRFP6,
3168,Corporate bond,RU000A0JR3M8,
3169,Corporate bond,RU000A0JR3L0,
5185,Corporate bond,RU000A0JTYJ6,
5352,Corporate bond,RU000A0JU2K9,
5353,Corporate bond,RU000A0JU2L7,
5184,Corporate bond,RU000A0JTYK4,
5449,Corporate bond,RU000A0JU7S1,
5588,Corporate bond,RU000A0JUC92,
5589,Corporate bond,RU000A0JUCA9,
8835,Corporate bond,RU000A0JVCB5,
8845,Corporate bond,RU000A0JVDD9,
9984,Ordinary share,HKOL,
3900,Ordinary share,HIMC,
3901,preferred shares,HIMCP,
3069,Ordinary share,TRCN,
4533,Bond,,
5881,Depositary receipts of a foreign issuer for shares,TCDR,
1582,Ordinary share,CNTL,
3720,preferred shares,CNTLP,
4212,Ordinary share,PRFN,
10938,Bond,RU000A0ZZD39,
1688,Ordinary share,CHKZ,
1689,Ordinary share,CHMK,
1723,Ordinary share,CHEP,
199,Ordinary share,CLSB,
200,preferred shares,CLSBP,
4226,Ordinary share,UNKL,
3957,Ordinary share,YAKG,
1273,Ordinary share,YKEN,
1512,preferred shares,YKENP,
1265,preferred shares,VZRZP,
4398,Ordinary share,KUZB,
5448,Corporate bond,RU000A0JU872,
3471,Bond,,
4350,Bond,RU000A0JV3L4,
2923,Ordinary share,DIOD,
4259,Ordinary share,MOBB,
3925,Ordinary share,NAUK,
297,preferred shares,OMZZP,
312,Ordinary share,ROSB,
6109,Corporate bond,RU000A0JUV57,
9008,Corporate bond,RU000A0JVSG0,
10398,Bond,RU000A0JXUH0,
10684,Bond,RU000A0ZYH44,
4803,Bond,,
4804,Bond,,
4805,Bond,,
5219,Bond,,
5220,Bond,RU000A0JWHT4,
5221,Bond,,
5222,Bond,,
5223,Bond,,
5451,Bond,,
5452,Bond,,
5456,Bond,,
5457,Bond,,
5458,Bond,RU000A0JUL67,
5459,Bond,RU000A0JUL91,
5460,Bond,RU000A0JULA0,
5461,Bond,RU000A0JULC6,
5511,Ordinary share,RGSS,
10529,Bond,RU000A0ZYE54,
10940,Bond,RU000A0ZZ2U3,
11276,Bond,RU000A0ZZKP5,
5037,Bond,,
5038,Bond,,
5039,Bond,RU000A0JUMX0,
5040,Bond,,
249,Ordinary share,KCHE,
1504,preferred shares,KCHEP,
270,Ordinary share,LSNG,
271,preferred shares,LSNGP,
5093,Bond,,
5094,Bond,,
5095,Bond,,
5096,Bond,RU000A0JVLM3,
3164,Ordinary share,MAGE,
3170,preferred shares,MAGEP,
3706,Ordinary share,SAGO,
3707,preferred shares,SAGOP,
8324,Ordinary share,SLEN,
262,Ordinary share,KUBE,
9135,Bond,RU000A0JVZK7,
9134,Bond,RU000A0JVYK0,
6089,Bonds of a foreign issuer,XS0861981180,
9972,Bonds of a foreign issuer,XS1589106910,
8669,Bonds of a foreign issuer,XS1143363940,
9656,Bonds of a foreign issuer,XS1510534677,
9002,Bonds of a foreign issuer,XS0783242877,
9432,Bonds of a foreign issuer,XS1352979923,
4462,Corporate bond,RU000A0JT1B3,
629,Unit closed UIF,RU000A0HHJG2,
10714,Unit closed UIF,RU000A0ZYF79,
9189,Bonds of a foreign issuer,XS0911599701,
5358,Bonds of a foreign issuer,RU000A0JRTT9,
3992,Bonds of a foreign issuer,RU000A0JRTS1,
4529,Corporate bond,RU000A0JT8R4,
4530,Corporate bond,RU000A0JT8T0,
9047,Bond,RU000A0JVZY8,
9747,Bond,RU000A0JX2V3,
9339,Bond,RU000A0JWGV2,
9948,Bond,RU000A0JXRD5,
9340,Bond,RU000A0JWTL6,
9949,Bond,RU000A0JXS59,
9341,Bond,RU000A0JXMP0,
11023,Bond,RU000A0ZZ5H3,
11024,Bond,RU000A0ZZ5J9,
9305,Shares of a foreign exchange-traded investment fund,FXRL,
5497,Shares of a foreign exchange-traded investment fund,FXAU,
5499,Shares of a foreign exchange-traded investment fund,FXUS,
5891,Shares of a foreign exchange-traded investment fund,FXMM,
11269,bonds of Bank of Russia,RU000A0ZZKN0,
11420,bonds of Bank of Russia,RU000A0ZZPG3,
11421,bonds of Bank of Russia,RU000A0ZZSH5,
9263,Bonds of a foreign issuer,XS0948666770,
2724,Bond,,
2725,Bond,,
1177,Ordinary share,PRMB,
5972,Corporate bond,RU000A0JUQ13,
8641,Bond,RU000A0JV8U4,
9996,Bond,RU000A0JXT17,
8642,Bond,RU000A0JVRM0,
8643,Bond,RU000A0JVLH3,
338,Ordinary share,MFGS,
339,preferred shares,MFGSP,
265,Ordinary share,KMEZ,
4662,Bond,,
4663,Bond,,
4664,Bond,,
4665,Bond,,
